,category,instruction,operand1,operand2,operand3,operand4,operand5,time,type,issue2inst,delay,inflight SMEM,inflight VMEM,inflight FLAT,shader,simd,wave_id,begin_time,end_time,num_mem_instrs,num_issued_instrs,num_valu_instrs,num_valu_stalls,num_vmem_instrs,num_vmem_stalls,num_flat_instrs,num_flat_stalls,num_lds_instrs,num_lds_stalls,num_salu_instrs,num_salu_stalls,num_smem_instrs,num_smem_stalls,num_branch_instrs,num_branch_taken_instrs,num_branch_stalls
0,SMEM,s_load_dword,s12,s[4:5],0x4,,,1624,1,4,0,1,0,0,3,0,0,1220,58648,6,37,19,0,0,0,3,1,0,0,6,0,3,0,1,0,0
1,SMEM,s_load_dwordx2,s[10:11],s[6:7],0x10,,,1628,1,4,0,2,0,0,3,0,0,1220,58648,6,37,19,0,0,0,3,1,0,0,6,0,3,0,1,0,0
2,SMEM,s_load_dwordx4,s[0:3],s[6:7],0x0,,,1632,1,4,0,3,0,0,3,0,0,1220,58648,6,37,19,0,0,0,3,1,0,0,6,0,3,0,1,0,0
3,VALU,v_mov_b32_e32,v3,0,,,,1632,6,4,4,3,0,0,3,0,0,1220,58648,6,37,19,0,0,0,3,1,0,0,6,0,3,0,1,0,0
4,IMMED,s_waitcnt,lgkmcnt(0),,,,,1636,9,0,8028,0,0,0,3,0,0,1220,58648,6,37,19,0,0,0,3,1,0,0,6,0,3,0,1,0,0
5,SALU,s_lshr_b32,s4,s12,16,,,9664,2,4,0,0,0,0,3,0,0,1220,58648,6,37,19,0,0,0,3,1,0,0,6,0,3,0,1,0,0
6,SALU,s_mul_i32,s9,s9,s4,,,9668,2,4,0,0,0,0,3,0,0,1220,58648,6,37,19,0,0,0,3,1,0,0,6,0,3,0,1,0,0
7,VALU,v_add_u32_e32,v1,s9,v1,,,9668,6,4,12,0,0,0,3,0,0,1220,58648,6,37,19,0,0,0,3,1,0,0,6,0,3,0,1,0,0
8,SALU,s_and_b32,s4,s12,0xffff,,,9684,2,4,0,0,0,0,3,0,0,1220,58648,6,37,19,0,0,0,3,1,0,0,6,0,3,0,1,0,0
9,SALU,s_mul_i32,s8,s8,s4,,,9688,2,4,0,0,0,0,3,0,0,1220,58648,6,37,19,0,0,0,3,1,0,0,6,0,3,0,1,0,0
10,VALU,v_add_u32_e32,v6,s8,v0,,,9688,6,4,0,0,0,0,3,0,0,1220,58648,6,37,19,0,0,0,3,1,0,0,6,0,3,0,1,0,0
11,VALU,v_add_u32_e32,v2,v4,v6,,,9692,6,4,8,0,0,0,3,0,0,1220,58648,6,37,19,0,0,0,3,1,0,0,6,0,3,0,1,0,0
12,VALU,v_lshlrev_b64,v[0:1],2,v[2:3],,,9704,6,4,0,0,0,0,3,0,0,1220,58648,6,37,19,0,0,0,3,1,0,0,6,0,3,0,1,0,0
13,VALU,v_mov_b32_e32,v5,s1,,,,9708,6,4,0,0,0,0,3,0,0,1220,58648,6,37,19,0,0,0,3,1,0,0,6,0,3,0,1,0,0
14,VALU,v_add_co_u32_e32,v0,vcc,s0,v0,,9712,6,4,0,0,0,0,3,0,0,1220,58648,6,37,19,0,0,0,3,1,0,0,6,0,3,0,1,0,0
15,VALU,v_addc_co_u32_e32,v1,vcc,v5,v1,vcc,9716,6,4,0,0,0,0,3,0,0,1220,58648,6,37,19,0,0,0,3,1,0,0,6,0,3,0,1,0,0
16,VALU,v_add_u32_e32,v4,s11,v4,,,9720,6,4,8,0,0,0,3,0,0,1220,58648,6,37,19,0,0,0,3,1,0,0,6,0,3,0,1,0,0
17,VALU,v_mov_b32_e32,v5,v3,,,,9732,6,4,0,0,0,0,3,0,0,1220,58648,6,37,19,0,0,0,3,1,0,0,6,0,3,0,1,0,0
18,VALU,v_lshlrev_b64,v[4:5],2,v[4:5],,,9736,6,4,20,0,0,0,3,0,0,1220,58648,6,37,19,0,0,0,3,1,0,0,6,0,3,0,1,0,0
19,VALU,v_add_co_u32_e32,v4,vcc,s0,v4,,9760,6,4,0,0,0,0,3,0,0,1220,58648,6,37,19,0,0,0,3,1,0,0,6,0,3,0,1,0,0
20,SALU,s_mul_i32,s4,s11,s10,,,9760,2,4,0,0,0,0,3,0,0,1220,58648,6,37,19,0,0,0,3,1,0,0,6,0,3,0,1,0,0
21,VALU,v_addc_co_u32_e32,v5,vcc,v7,v5,vcc,9764,6,4,1788,0,0,0,3,0,0,1220,58648,6,37,19,0,0,0,3,1,0,0,6,0,3,0,1,0,0
22,VALU,v_add_u32_e32,v6,s4,v6,,,11556,6,4,8,0,0,0,3,0,0,1220,58648,6,37,19,0,0,0,3,1,0,0,6,0,3,0,1,0,0
23,VALU,v_mov_b32_e32,v7,v3,,,,11568,6,4,0,0,0,0,3,0,0,1220,58648,6,37,19,0,0,0,3,1,0,0,6,0,3,0,1,0,0
24,VALU,v_lshlrev_b64,v[6:7],2,v[6:7],,,11572,6,4,0,0,0,0,3,0,0,1220,58648,6,37,19,0,0,0,3,1,0,0,6,0,3,0,1,0,0
25,VALU,v_mov_b32_e32,v8,s1,,,,11576,6,4,48,0,0,0,3,0,0,1220,58648,6,37,19,0,0,0,3,1,0,0,6,0,3,0,1,0,0
26,FLAT,global_load_dword,v8,v[4:5],off,,,11628,4,4,0,0,0,1,3,0,0,1220,58648,6,37,19,0,0,0,3,1,0,0,6,0,3,0,1,0,0
27,FLAT,global_load_dword,v9,v[6:7],off,,,11632,4,4,0,0,0,2,3,0,0,1220,58648,6,37,19,0,0,0,3,1,0,0,6,0,3,0,1,0,0
28,FLAT,global_load_dword,v10,v[0:1],off,,,11636,4,4,4,0,0,3,3,0,0,1220,58648,6,37,19,0,0,0,3,1,0,0,6,0,3,0,1,0,0
29,IMMED,s_waitcnt,vmcnt(1),,,,,11640,9,0,46948,0,1,0,3,0,0,1220,58648,6,37,19,0,0,0,3,1,0,0,6,0,3,0,1,0,0
30,VALU,v_add_u32_e32,v4,v9,v8,,,58592,6,4,4,0,1,0,3,0,0,1220,58648,6,37,19,0,0,0,3,1,0,0,6,0,3,0,1,0,0
31,IMMED,s_waitcnt,vmcnt(0),,,,,58596,9,0,4,0,0,0,3,0,0,1220,58648,6,37,19,0,0,0,3,1,0,0,6,0,3,0,1,0,0
32,VALU,v_cmp_lt_i32_e32,vcc,v4,v10,,,58600,6,4,16,0,0,0,3,0,0,1220,58648,6,37,19,0,0,0,3,1,0,0,6,0,3,0,1,0,0
33,SALU,s_and_saveexec_b64,s[0:1],vcc,,,,58624,2,8,0,0,0,0,3,0,0,1220,58648,6,37,19,0,0,0,3,1,0,0,6,0,3,0,1,0,0
34,JUMP,s_cbranch_execz,.LBB0_2,,,,,58628,7,4,16,0,0,0,3,0,0,1220,58648,6,37,19,0,0,0,3,1,0,0,6,0,3,0,1,0,0
35,SMEM,s_load_dword,s12,s[4:5],0x4,,,1636,1,4,0,1,0,0,3,0,1,1580,68708,8,44,23,1,0,0,5,2,0,0,6,3,3,1,1,1,0
36,SMEM,s_load_dwordx2,s[10:11],s[6:7],0x10,,,1640,1,4,0,2,0,0,3,0,1,1580,68708,8,44,23,1,0,0,5,2,0,0,6,3,3,1,1,1,0
37,SMEM,s_load_dwordx4,s[0:3],s[6:7],0x0,,,1644,1,4,0,3,0,0,3,0,1,1580,68708,8,44,23,1,0,0,5,2,0,0,6,3,3,1,1,1,0
38,VALU,v_mov_b32_e32,v3,0,,,,1644,6,4,4,3,0,0,3,0,1,1580,68708,8,44,23,1,0,0,5,2,0,0,6,3,3,1,1,1,0
39,IMMED,s_waitcnt,lgkmcnt(0),,,,,1648,9,0,8056,0,0,0,3,0,1,1580,68708,8,44,23,1,0,0,5,2,0,0,6,3,3,1,1,1,0
40,SALU,s_lshr_b32,s4,s12,16,,,9704,2,4,0,0,0,0,3,0,1,1580,68708,8,44,23,1,0,0,5,2,0,0,6,3,3,1,1,1,0
41,SALU,s_mul_i32,s9,s9,s4,,,9708,2,8,28,0,0,0,3,0,1,1580,68708,8,44,23,1,0,0,5,2,0,0,6,3,3,1,1,1,0
42,VALU,v_add_u32_e32,v1,s9,v1,,,9740,6,4,12,0,0,0,3,0,1,1580,68708,8,44,23,1,0,0,5,2,0,0,6,3,3,1,1,1,0
43,SALU,s_and_b32,s4,s12,0xffff,,,9756,2,8,4,0,0,0,3,0,1,1580,68708,8,44,23,1,0,0,5,2,0,0,6,3,3,1,1,1,0
44,SALU,s_mul_i32,s8,s8,s4,,,9764,2,8,0,0,0,0,3,0,1,1580,68708,8,44,23,1,0,0,5,2,0,0,6,3,3,1,1,1,0
45,VALU,v_add_u32_e32,v6,s8,v0,,,9768,6,4,0,0,0,0,3,0,1,1580,68708,8,44,23,1,0,0,5,2,0,0,6,3,3,1,1,1,0
46,VALU,v_add_u32_e32,v2,v4,v6,,,9772,6,4,8,0,0,0,3,0,1,1580,68708,8,44,23,1,0,0,5,2,0,0,6,3,3,1,1,1,0
47,VALU,v_lshlrev_b64,v[0:1],2,v[2:3],,,9784,6,4,0,0,0,0,3,0,1,1580,68708,8,44,23,1,0,0,5,2,0,0,6,3,3,1,1,1,0
48,VALU,v_mov_b32_e32,v5,s1,,,,9788,6,4,0,0,0,0,3,0,1,1580,68708,8,44,23,1,0,0,5,2,0,0,6,3,3,1,1,1,0
49,VALU,v_add_co_u32_e32,v0,vcc,s0,v0,,9792,6,4,0,0,0,0,3,0,1,1580,68708,8,44,23,1,0,0,5,2,0,0,6,3,3,1,1,1,0
50,VALU,v_addc_co_u32_e32,v1,vcc,v5,v1,vcc,9796,6,4,0,0,0,0,3,0,1,1580,68708,8,44,23,1,0,0,5,2,0,0,6,3,3,1,1,1,0
51,VALU,v_add_u32_e32,v4,s11,v4,,,9800,6,4,8,0,0,0,3,0,1,1580,68708,8,44,23,1,0,0,5,2,0,0,6,3,3,1,1,1,0
52,VALU,v_mov_b32_e32,v5,v3,,,,9812,6,4,0,0,0,0,3,0,1,1580,68708,8,44,23,1,0,0,5,2,0,0,6,3,3,1,1,1,0
53,VALU,v_lshlrev_b64,v[4:5],2,v[4:5],,,9816,6,4,20,0,0,0,3,0,1,1580,68708,8,44,23,1,0,0,5,2,0,0,6,3,3,1,1,1,0
54,VALU,v_add_co_u32_e32,v4,vcc,s0,v4,,9840,6,4,0,0,0,0,3,0,1,1580,68708,8,44,23,1,0,0,5,2,0,0,6,3,3,1,1,1,0
55,SALU,s_mul_i32,s4,s11,s10,,,9840,2,4,0,0,0,0,3,0,1,1580,68708,8,44,23,1,0,0,5,2,0,0,6,3,3,1,1,1,0
56,VALU,v_addc_co_u32_e32,v5,vcc,v7,v5,vcc,9844,6,4,1732,0,0,0,3,0,1,1580,68708,8,44,23,1,0,0,5,2,0,0,6,3,3,1,1,1,0
57,VALU,v_add_u32_e32,v6,s4,v6,,,11580,6,4,8,0,0,0,3,0,1,1580,68708,8,44,23,1,0,0,5,2,0,0,6,3,3,1,1,1,0
58,VALU,v_mov_b32_e32,v7,v3,,,,11592,6,4,0,0,0,0,3,0,1,1580,68708,8,44,23,1,0,0,5,2,0,0,6,3,3,1,1,1,0
59,VALU,v_lshlrev_b64,v[6:7],2,v[6:7],,,11596,6,4,0,0,0,0,3,0,1,1580,68708,8,44,23,1,0,0,5,2,0,0,6,3,3,1,1,1,0
60,VALU,v_mov_b32_e32,v8,s1,,,,11600,6,4,72,0,0,0,3,0,1,1580,68708,8,44,23,1,0,0,5,2,0,0,6,3,3,1,1,1,0
61,FLAT,global_load_dword,v8,v[4:5],off,,,11676,4,4,0,0,0,1,3,0,1,1580,68708,8,44,23,1,0,0,5,2,0,0,6,3,3,1,1,1,0
62,FLAT,global_load_dword,v9,v[6:7],off,,,11680,4,4,0,0,0,2,3,0,1,1580,68708,8,44,23,1,0,0,5,2,0,0,6,3,3,1,1,1,0
63,FLAT,global_load_dword,v10,v[0:1],off,,,11684,4,4,4,0,0,3,3,0,1,1580,68708,8,44,23,1,0,0,5,2,0,0,6,3,3,1,1,1,0
64,IMMED,s_waitcnt,vmcnt(1),,,,,11688,9,0,54960,0,1,0,3,0,1,1580,68708,8,44,23,1,0,0,5,2,0,0,6,3,3,1,1,1,0
65,VALU,v_add_u32_e32,v4,v9,v8,,,66652,6,4,4,0,1,0,3,0,1,1580,68708,8,44,23,1,0,0,5,2,0,0,6,3,3,1,1,1,0
66,IMMED,s_waitcnt,vmcnt(0),,,,,66656,9,0,1148,0,0,0,3,0,1,1580,68708,8,44,23,1,0,0,5,2,0,0,6,3,3,1,1,1,0
67,VALU,v_cmp_lt_i32_e32,vcc,v4,v10,,,67808,6,4,16,0,0,0,3,0,1,1580,68708,8,44,23,1,0,0,5,2,0,0,6,3,3,1,1,1,0
68,SALU,s_and_saveexec_b64,s[0:1],vcc,,,,67832,2,8,0,0,0,0,3,0,1,1580,68708,8,44,23,1,0,0,5,2,0,0,6,3,3,1,1,1,0
69,NEXT,s_cbranch_execz,.LBB0_2,,,,,67836,8,4,8,0,0,0,3,0,1,1580,68708,8,44,23,1,0,0,5,2,0,0,6,3,3,1,1,1,0
70,VALU,v_lshlrev_b64,v[2:3],2,v[2:3],,,67848,6,4,0,0,0,0,3,0,1,1580,68708,8,44,23,1,0,0,5,2,0,0,6,3,3,1,1,1,0
71,VALU,v_mov_b32_e32,v5,s3,,,,67852,6,4,0,0,0,0,3,0,1,1580,68708,8,44,23,1,0,0,5,2,0,0,6,3,3,1,1,1,0
72,VALU,v_add_co_u32_e32,v2,vcc,s2,v2,,67856,6,4,16,0,0,0,3,0,1,1580,68708,8,44,23,1,0,0,5,2,0,0,6,3,3,1,1,1,0
73,VALU,v_addc_co_u32_e32,v3,vcc,v5,v3,vcc,67880,6,4,8,0,0,0,3,0,1,1580,68708,8,44,23,1,0,0,5,2,0,0,6,3,3,1,1,1,0
74,FLAT,global_store_dword,v[0:1],v4,off,,,67876,4,4,0,0,0,0,3,0,1,1580,68708,8,44,23,1,0,0,5,2,0,0,6,3,3,1,1,1,0
75,FLAT,global_store_dword,v[2:3],v0,off,,,67892,4,4,812,0,0,1,3,0,1,1580,68708,8,44,23,1,0,0,5,2,0,0,6,3,3,1,1,1,0
76,SMEM,s_load_dword,s12,s[4:5],0x4,,,1640,1,4,0,1,0,0,6,0,0,1220,67608,6,37,19,0,0,0,3,1,0,0,6,0,3,0,1,0,0
77,SMEM,s_load_dwordx2,s[10:11],s[6:7],0x10,,,1644,1,4,0,2,0,0,6,0,0,1220,67608,6,37,19,0,0,0,3,1,0,0,6,0,3,0,1,0,0
78,SMEM,s_load_dwordx4,s[0:3],s[6:7],0x0,,,1648,1,4,0,3,0,0,6,0,0,1220,67608,6,37,19,0,0,0,3,1,0,0,6,0,3,0,1,0,0
79,VALU,v_mov_b32_e32,v3,0,,,,1648,6,4,4,3,0,0,6,0,0,1220,67608,6,37,19,0,0,0,3,1,0,0,6,0,3,0,1,0,0
80,IMMED,s_waitcnt,lgkmcnt(0),,,,,1652,9,0,9036,0,0,0,6,0,0,1220,67608,6,37,19,0,0,0,3,1,0,0,6,0,3,0,1,0,0
81,SALU,s_lshr_b32,s4,s12,16,,,10688,2,4,0,0,0,0,6,0,0,1220,67608,6,37,19,0,0,0,3,1,0,0,6,0,3,0,1,0,0
82,SALU,s_mul_i32,s9,s9,s4,,,10692,2,4,0,0,0,0,6,0,0,1220,67608,6,37,19,0,0,0,3,1,0,0,6,0,3,0,1,0,0
83,VALU,v_add_u32_e32,v1,s9,v1,,,10692,6,4,12,0,0,0,6,0,0,1220,67608,6,37,19,0,0,0,3,1,0,0,6,0,3,0,1,0,0
84,SALU,s_and_b32,s4,s12,0xffff,,,10708,2,4,0,0,0,0,6,0,0,1220,67608,6,37,19,0,0,0,3,1,0,0,6,0,3,0,1,0,0
85,SALU,s_mul_i32,s8,s8,s4,,,10712,2,4,0,0,0,0,6,0,0,1220,67608,6,37,19,0,0,0,3,1,0,0,6,0,3,0,1,0,0
86,VALU,v_add_u32_e32,v6,s8,v0,,,10712,6,4,0,0,0,0,6,0,0,1220,67608,6,37,19,0,0,0,3,1,0,0,6,0,3,0,1,0,0
87,VALU,v_add_u32_e32,v2,v4,v6,,,10716,6,4,8,0,0,0,6,0,0,1220,67608,6,37,19,0,0,0,3,1,0,0,6,0,3,0,1,0,0
88,VALU,v_lshlrev_b64,v[0:1],2,v[2:3],,,10728,6,4,0,0,0,0,6,0,0,1220,67608,6,37,19,0,0,0,3,1,0,0,6,0,3,0,1,0,0
89,VALU,v_mov_b32_e32,v5,s1,,,,10732,6,4,0,0,0,0,6,0,0,1220,67608,6,37,19,0,0,0,3,1,0,0,6,0,3,0,1,0,0
90,VALU,v_add_co_u32_e32,v0,vcc,s0,v0,,10736,6,4,0,0,0,0,6,0,0,1220,67608,6,37,19,0,0,0,3,1,0,0,6,0,3,0,1,0,0
91,VALU,v_addc_co_u32_e32,v1,vcc,v5,v1,vcc,10740,6,4,0,0,0,0,6,0,0,1220,67608,6,37,19,0,0,0,3,1,0,0,6,0,3,0,1,0,0
92,VALU,v_add_u32_e32,v4,s11,v4,,,10744,6,4,8,0,0,0,6,0,0,1220,67608,6,37,19,0,0,0,3,1,0,0,6,0,3,0,1,0,0
93,VALU,v_mov_b32_e32,v5,v3,,,,10756,6,4,0,0,0,0,6,0,0,1220,67608,6,37,19,0,0,0,3,1,0,0,6,0,3,0,1,0,0
94,VALU,v_lshlrev_b64,v[4:5],2,v[4:5],,,10760,6,4,20,0,0,0,6,0,0,1220,67608,6,37,19,0,0,0,3,1,0,0,6,0,3,0,1,0,0
95,VALU,v_add_co_u32_e32,v4,vcc,s0,v4,,10784,6,4,0,0,0,0,6,0,0,1220,67608,6,37,19,0,0,0,3,1,0,0,6,0,3,0,1,0,0
96,SALU,s_mul_i32,s4,s11,s10,,,10784,2,4,0,0,0,0,6,0,0,1220,67608,6,37,19,0,0,0,3,1,0,0,6,0,3,0,1,0,0
97,VALU,v_addc_co_u32_e32,v5,vcc,v7,v5,vcc,10788,6,4,1348,0,0,0,6,0,0,1220,67608,6,37,19,0,0,0,3,1,0,0,6,0,3,0,1,0,0
98,VALU,v_add_u32_e32,v6,s4,v6,,,12140,6,4,8,0,0,0,6,0,0,1220,67608,6,37,19,0,0,0,3,1,0,0,6,0,3,0,1,0,0
99,VALU,v_mov_b32_e32,v7,v3,,,,12152,6,4,0,0,0,0,6,0,0,1220,67608,6,37,19,0,0,0,3,1,0,0,6,0,3,0,1,0,0
100,VALU,v_lshlrev_b64,v[6:7],2,v[6:7],,,12156,6,4,0,0,0,0,6,0,0,1220,67608,6,37,19,0,0,0,3,1,0,0,6,0,3,0,1,0,0
101,VALU,v_mov_b32_e32,v8,s1,,,,12160,6,4,48,0,0,0,6,0,0,1220,67608,6,37,19,0,0,0,3,1,0,0,6,0,3,0,1,0,0
102,FLAT,global_load_dword,v8,v[4:5],off,,,12212,4,4,0,0,0,1,6,0,0,1220,67608,6,37,19,0,0,0,3,1,0,0,6,0,3,0,1,0,0
103,FLAT,global_load_dword,v9,v[6:7],off,,,12216,4,4,0,0,0,2,6,0,0,1220,67608,6,37,19,0,0,0,3,1,0,0,6,0,3,0,1,0,0
104,FLAT,global_load_dword,v10,v[0:1],off,,,12220,4,4,4,0,0,3,6,0,0,1220,67608,6,37,19,0,0,0,3,1,0,0,6,0,3,0,1,0,0
105,IMMED,s_waitcnt,vmcnt(1),,,,,12224,9,0,55324,0,1,0,6,0,0,1220,67608,6,37,19,0,0,0,3,1,0,0,6,0,3,0,1,0,0
106,VALU,v_add_u32_e32,v4,v9,v8,,,67548,6,0,4,0,1,0,6,0,0,1220,67608,6,37,19,0,0,0,3,1,0,0,6,0,3,0,1,0,0
107,IMMED,s_waitcnt,vmcnt(0),,,,,67552,9,0,4,0,0,0,6,0,0,1220,67608,6,37,19,0,0,0,3,1,0,0,6,0,3,0,1,0,0
108,VALU,v_cmp_lt_i32_e32,vcc,v4,v10,,,67556,6,0,20,0,0,0,6,0,0,1220,67608,6,37,19,0,0,0,3,1,0,0,6,0,3,0,1,0,0
109,SALU,s_and_saveexec_b64,s[0:1],vcc,,,,67580,2,4,4,0,0,0,6,0,0,1220,67608,6,37,19,0,0,0,3,1,0,0,6,0,3,0,1,0,0
110,JUMP,s_cbranch_execz,.LBB0_2,,,,,67584,7,0,20,0,0,0,6,0,0,1220,67608,6,37,19,0,0,0,3,1,0,0,6,0,3,0,1,0,0
111,SMEM,s_load_dword,s12,s[4:5],0x4,,,1652,1,4,0,1,0,0,6,0,1,1580,68472,8,44,23,1,0,0,5,1,0,0,6,3,3,1,1,1,0
112,SMEM,s_load_dwordx2,s[10:11],s[6:7],0x10,,,1656,1,4,0,2,0,0,6,0,1,1580,68472,8,44,23,1,0,0,5,1,0,0,6,3,3,1,1,1,0
113,SMEM,s_load_dwordx4,s[0:3],s[6:7],0x0,,,1660,1,4,0,3,0,0,6,0,1,1580,68472,8,44,23,1,0,0,5,1,0,0,6,3,3,1,1,1,0
114,VALU,v_mov_b32_e32,v3,0,,,,1660,6,4,4,3,0,0,6,0,1,1580,68472,8,44,23,1,0,0,5,1,0,0,6,3,3,1,1,1,0
115,IMMED,s_waitcnt,lgkmcnt(0),,,,,1664,9,0,9072,0,0,0,6,0,1,1580,68472,8,44,23,1,0,0,5,1,0,0,6,3,3,1,1,1,0
116,SALU,s_lshr_b32,s4,s12,16,,,10736,2,4,0,0,0,0,6,0,1,1580,68472,8,44,23,1,0,0,5,1,0,0,6,3,3,1,1,1,0
117,SALU,s_mul_i32,s9,s9,s4,,,10740,2,8,20,0,0,0,6,0,1,1580,68472,8,44,23,1,0,0,5,1,0,0,6,3,3,1,1,1,0
118,VALU,v_add_u32_e32,v1,s9,v1,,,10764,6,4,12,0,0,0,6,0,1,1580,68472,8,44,23,1,0,0,5,1,0,0,6,3,3,1,1,1,0
119,SALU,s_and_b32,s4,s12,0xffff,,,10780,2,8,4,0,0,0,6,0,1,1580,68472,8,44,23,1,0,0,5,1,0,0,6,3,3,1,1,1,0
120,SALU,s_mul_i32,s8,s8,s4,,,10788,2,8,0,0,0,0,6,0,1,1580,68472,8,44,23,1,0,0,5,1,0,0,6,3,3,1,1,1,0
121,VALU,v_add_u32_e32,v6,s8,v0,,,10792,6,4,0,0,0,0,6,0,1,1580,68472,8,44,23,1,0,0,5,1,0,0,6,3,3,1,1,1,0
122,VALU,v_add_u32_e32,v2,v4,v6,,,10796,6,4,8,0,0,0,6,0,1,1580,68472,8,44,23,1,0,0,5,1,0,0,6,3,3,1,1,1,0
123,VALU,v_lshlrev_b64,v[0:1],2,v[2:3],,,10808,6,4,0,0,0,0,6,0,1,1580,68472,8,44,23,1,0,0,5,1,0,0,6,3,3,1,1,1,0
124,VALU,v_mov_b32_e32,v5,s1,,,,10812,6,4,0,0,0,0,6,0,1,1580,68472,8,44,23,1,0,0,5,1,0,0,6,3,3,1,1,1,0
125,VALU,v_add_co_u32_e32,v0,vcc,s0,v0,,10816,6,4,0,0,0,0,6,0,1,1580,68472,8,44,23,1,0,0,5,1,0,0,6,3,3,1,1,1,0
126,VALU,v_addc_co_u32_e32,v1,vcc,v5,v1,vcc,10820,6,4,0,0,0,0,6,0,1,1580,68472,8,44,23,1,0,0,5,1,0,0,6,3,3,1,1,1,0
127,VALU,v_add_u32_e32,v4,s11,v4,,,10824,6,4,8,0,0,0,6,0,1,1580,68472,8,44,23,1,0,0,5,1,0,0,6,3,3,1,1,1,0
128,VALU,v_mov_b32_e32,v5,v3,,,,10836,6,4,0,0,0,0,6,0,1,1580,68472,8,44,23,1,0,0,5,1,0,0,6,3,3,1,1,1,0
129,VALU,v_lshlrev_b64,v[4:5],2,v[4:5],,,10840,6,4,20,0,0,0,6,0,1,1580,68472,8,44,23,1,0,0,5,1,0,0,6,3,3,1,1,1,0
130,VALU,v_add_co_u32_e32,v4,vcc,s0,v4,,10864,6,4,0,0,0,0,6,0,1,1580,68472,8,44,23,1,0,0,5,1,0,0,6,3,3,1,1,1,0
131,SALU,s_mul_i32,s4,s11,s10,,,10864,2,4,0,0,0,0,6,0,1,1580,68472,8,44,23,1,0,0,5,1,0,0,6,3,3,1,1,1,0
132,VALU,v_addc_co_u32_e32,v5,vcc,v7,v5,vcc,10868,6,4,1292,0,0,0,6,0,1,1580,68472,8,44,23,1,0,0,5,1,0,0,6,3,3,1,1,1,0
133,VALU,v_add_u32_e32,v6,s4,v6,,,12164,6,4,8,0,0,0,6,0,1,1580,68472,8,44,23,1,0,0,5,1,0,0,6,3,3,1,1,1,0
134,VALU,v_mov_b32_e32,v7,v3,,,,12176,6,4,0,0,0,0,6,0,1,1580,68472,8,44,23,1,0,0,5,1,0,0,6,3,3,1,1,1,0
135,VALU,v_lshlrev_b64,v[6:7],2,v[6:7],,,12180,6,4,0,0,0,0,6,0,1,1580,68472,8,44,23,1,0,0,5,1,0,0,6,3,3,1,1,1,0
136,VALU,v_mov_b32_e32,v8,s1,,,,12184,6,4,72,0,0,0,6,0,1,1580,68472,8,44,23,1,0,0,5,1,0,0,6,3,3,1,1,1,0
137,FLAT,global_load_dword,v8,v[4:5],off,,,12260,4,4,0,0,0,1,6,0,1,1580,68472,8,44,23,1,0,0,5,1,0,0,6,3,3,1,1,1,0
138,FLAT,global_load_dword,v9,v[6:7],off,,,12264,4,4,0,0,0,2,6,0,1,1580,68472,8,44,23,1,0,0,5,1,0,0,6,3,3,1,1,1,0
139,FLAT,global_load_dword,v10,v[0:1],off,,,12268,4,4,4,0,0,3,6,0,1,1580,68472,8,44,23,1,0,0,5,1,0,0,6,3,3,1,1,1,0
140,IMMED,s_waitcnt,vmcnt(1),,,,,12272,9,0,55324,0,1,0,6,0,1,1580,68472,8,44,23,1,0,0,5,1,0,0,6,3,3,1,1,1,0
141,VALU,v_add_u32_e32,v4,v9,v8,,,67596,6,0,4,0,1,0,6,0,1,1580,68472,8,44,23,1,0,0,5,1,0,0,6,3,3,1,1,1,0
142,IMMED,s_waitcnt,vmcnt(0),,,,,67600,9,0,4,0,0,0,6,0,1,1580,68472,8,44,23,1,0,0,5,1,0,0,6,3,3,1,1,1,0
143,VALU,v_cmp_lt_i32_e32,vcc,v4,v10,,,67604,6,0,20,0,0,0,6,0,1,1580,68472,8,44,23,1,0,0,5,1,0,0,6,3,3,1,1,1,0
144,SALU,s_and_saveexec_b64,s[0:1],vcc,,,,67628,2,4,4,0,0,0,6,0,1,1580,68472,8,44,23,1,0,0,5,1,0,0,6,3,3,1,1,1,0
145,NEXT,s_cbranch_execz,.LBB0_2,,,,,67632,8,0,12,0,0,0,6,0,1,1580,68472,8,44,23,1,0,0,5,1,0,0,6,3,3,1,1,1,0
146,VALU,v_lshlrev_b64,v[2:3],2,v[2:3],,,67644,6,0,4,0,0,0,6,0,1,1580,68472,8,44,23,1,0,0,5,1,0,0,6,3,3,1,1,1,0
147,VALU,v_mov_b32_e32,v5,s3,,,,67648,6,0,4,0,0,0,6,0,1,1580,68472,8,44,23,1,0,0,5,1,0,0,6,3,3,1,1,1,0
148,VALU,v_add_co_u32_e32,v2,vcc,s2,v2,,67652,6,0,12,0,0,0,6,0,1,1580,68472,8,44,23,1,0,0,5,1,0,0,6,3,3,1,1,1,0
149,VALU,v_addc_co_u32_e32,v3,vcc,v5,v3,vcc,67668,6,0,12,0,0,0,6,0,1,1580,68472,8,44,23,1,0,0,5,1,0,0,6,3,3,1,1,1,0
150,FLAT,global_store_dword,v[0:1],v4,off,,,67664,4,0,4,0,0,0,6,0,1,1580,68472,8,44,23,1,0,0,5,1,0,0,6,3,3,1,1,1,0
151,FLAT,global_store_dword,v[2:3],v0,off,,,67680,4,0,788,0,0,1,6,0,1,1580,68472,8,44,23,1,0,0,5,1,0,0,6,3,3,1,1,1,0
152,SMEM,s_load_dword,s12,s[4:5],0x4,,,1636,1,4,0,1,0,0,7,0,0,1268,58856,6,37,19,0,0,0,3,1,0,0,6,0,3,0,1,0,0
153,SMEM,s_load_dwordx2,s[10:11],s[6:7],0x10,,,1640,1,4,0,2,0,0,7,0,0,1268,58856,6,37,19,0,0,0,3,1,0,0,6,0,3,0,1,0,0
154,SMEM,s_load_dwordx4,s[0:3],s[6:7],0x0,,,1644,1,4,0,3,0,0,7,0,0,1268,58856,6,37,19,0,0,0,3,1,0,0,6,0,3,0,1,0,0
155,VALU,v_mov_b32_e32,v3,0,,,,1644,6,4,4,3,0,0,7,0,0,1268,58856,6,37,19,0,0,0,3,1,0,0,6,0,3,0,1,0,0
156,IMMED,s_waitcnt,lgkmcnt(0),,,,,1648,9,0,7872,0,0,0,7,0,0,1268,58856,6,37,19,0,0,0,3,1,0,0,6,0,3,0,1,0,0
157,SALU,s_lshr_b32,s4,s12,16,,,9520,2,4,0,0,0,0,7,0,0,1268,58856,6,37,19,0,0,0,3,1,0,0,6,0,3,0,1,0,0
158,SALU,s_mul_i32,s9,s9,s4,,,9524,2,4,0,0,0,0,7,0,0,1268,58856,6,37,19,0,0,0,3,1,0,0,6,0,3,0,1,0,0
159,VALU,v_add_u32_e32,v1,s9,v1,,,9524,6,4,12,0,0,0,7,0,0,1268,58856,6,37,19,0,0,0,3,1,0,0,6,0,3,0,1,0,0
160,SALU,s_and_b32,s4,s12,0xffff,,,9540,2,4,0,0,0,0,7,0,0,1268,58856,6,37,19,0,0,0,3,1,0,0,6,0,3,0,1,0,0
161,SALU,s_mul_i32,s8,s8,s4,,,9544,2,4,0,0,0,0,7,0,0,1268,58856,6,37,19,0,0,0,3,1,0,0,6,0,3,0,1,0,0
162,VALU,v_add_u32_e32,v6,s8,v0,,,9544,6,4,0,0,0,0,7,0,0,1268,58856,6,37,19,0,0,0,3,1,0,0,6,0,3,0,1,0,0
163,VALU,v_add_u32_e32,v2,v4,v6,,,9548,6,4,8,0,0,0,7,0,0,1268,58856,6,37,19,0,0,0,3,1,0,0,6,0,3,0,1,0,0
164,VALU,v_lshlrev_b64,v[0:1],2,v[2:3],,,9560,6,4,0,0,0,0,7,0,0,1268,58856,6,37,19,0,0,0,3,1,0,0,6,0,3,0,1,0,0
165,VALU,v_mov_b32_e32,v5,s1,,,,9564,6,4,0,0,0,0,7,0,0,1268,58856,6,37,19,0,0,0,3,1,0,0,6,0,3,0,1,0,0
166,VALU,v_add_co_u32_e32,v0,vcc,s0,v0,,9568,6,4,0,0,0,0,7,0,0,1268,58856,6,37,19,0,0,0,3,1,0,0,6,0,3,0,1,0,0
167,VALU,v_addc_co_u32_e32,v1,vcc,v5,v1,vcc,9572,6,4,0,0,0,0,7,0,0,1268,58856,6,37,19,0,0,0,3,1,0,0,6,0,3,0,1,0,0
168,VALU,v_add_u32_e32,v4,s11,v4,,,9576,6,4,8,0,0,0,7,0,0,1268,58856,6,37,19,0,0,0,3,1,0,0,6,0,3,0,1,0,0
169,VALU,v_mov_b32_e32,v5,v3,,,,9588,6,4,0,0,0,0,7,0,0,1268,58856,6,37,19,0,0,0,3,1,0,0,6,0,3,0,1,0,0
170,VALU,v_lshlrev_b64,v[4:5],2,v[4:5],,,9592,6,4,20,0,0,0,7,0,0,1268,58856,6,37,19,0,0,0,3,1,0,0,6,0,3,0,1,0,0
171,VALU,v_add_co_u32_e32,v4,vcc,s0,v4,,9616,6,4,0,0,0,0,7,0,0,1268,58856,6,37,19,0,0,0,3,1,0,0,6,0,3,0,1,0,0
172,SALU,s_mul_i32,s4,s11,s10,,,9616,2,4,0,0,0,0,7,0,0,1268,58856,6,37,19,0,0,0,3,1,0,0,6,0,3,0,1,0,0
173,VALU,v_addc_co_u32_e32,v5,vcc,v7,v5,vcc,9620,6,4,1836,0,0,0,7,0,0,1268,58856,6,37,19,0,0,0,3,1,0,0,6,0,3,0,1,0,0
174,VALU,v_add_u32_e32,v6,s4,v6,,,11460,6,4,8,0,0,0,7,0,0,1268,58856,6,37,19,0,0,0,3,1,0,0,6,0,3,0,1,0,0
175,VALU,v_mov_b32_e32,v7,v3,,,,11472,6,4,0,0,0,0,7,0,0,1268,58856,6,37,19,0,0,0,3,1,0,0,6,0,3,0,1,0,0
176,VALU,v_lshlrev_b64,v[6:7],2,v[6:7],,,11476,6,4,0,0,0,0,7,0,0,1268,58856,6,37,19,0,0,0,3,1,0,0,6,0,3,0,1,0,0
177,VALU,v_mov_b32_e32,v8,s1,,,,11480,6,4,44,0,0,0,7,0,0,1268,58856,6,37,19,0,0,0,3,1,0,0,6,0,3,0,1,0,0
178,FLAT,global_load_dword,v8,v[4:5],off,,,11528,4,4,0,0,0,1,7,0,0,1268,58856,6,37,19,0,0,0,3,1,0,0,6,0,3,0,1,0,0
179,FLAT,global_load_dword,v9,v[6:7],off,,,11532,4,4,0,0,0,2,7,0,0,1268,58856,6,37,19,0,0,0,3,1,0,0,6,0,3,0,1,0,0
180,FLAT,global_load_dword,v10,v[0:1],off,,,11536,4,4,4,0,0,3,7,0,0,1268,58856,6,37,19,0,0,0,3,1,0,0,6,0,3,0,1,0,0
181,IMMED,s_waitcnt,vmcnt(1),,,,,11540,9,0,47256,0,1,0,7,0,0,1268,58856,6,37,19,0,0,0,3,1,0,0,6,0,3,0,1,0,0
182,VALU,v_add_u32_e32,v4,v9,v8,,,58800,6,4,4,0,1,0,7,0,0,1268,58856,6,37,19,0,0,0,3,1,0,0,6,0,3,0,1,0,0
183,IMMED,s_waitcnt,vmcnt(0),,,,,58804,9,0,4,0,0,0,7,0,0,1268,58856,6,37,19,0,0,0,3,1,0,0,6,0,3,0,1,0,0
184,VALU,v_cmp_lt_i32_e32,vcc,v4,v10,,,58808,6,4,16,0,0,0,7,0,0,1268,58856,6,37,19,0,0,0,3,1,0,0,6,0,3,0,1,0,0
185,SALU,s_and_saveexec_b64,s[0:1],vcc,,,,58832,2,8,0,0,0,0,7,0,0,1268,58856,6,37,19,0,0,0,3,1,0,0,6,0,3,0,1,0,0
186,JUMP,s_cbranch_execz,.LBB0_2,,,,,58836,7,4,16,0,0,0,7,0,0,1268,58856,6,37,19,0,0,0,3,1,0,0,6,0,3,0,1,0,0
187,SMEM,s_load_dword,s12,s[4:5],0x4,,,1664,1,4,0,1,0,0,7,0,1,1628,58904,6,37,19,1,0,0,3,1,0,0,6,4,3,0,1,0,0
188,SMEM,s_load_dwordx2,s[10:11],s[6:7],0x10,,,1668,1,4,0,2,0,0,7,0,1,1628,58904,6,37,19,1,0,0,3,1,0,0,6,4,3,0,1,0,0
189,SMEM,s_load_dwordx4,s[0:3],s[6:7],0x0,,,1672,1,4,0,3,0,0,7,0,1,1628,58904,6,37,19,1,0,0,3,1,0,0,6,4,3,0,1,0,0
190,VALU,v_mov_b32_e32,v3,0,,,,1672,6,4,4,3,0,0,7,0,1,1628,58904,6,37,19,1,0,0,3,1,0,0,6,4,3,0,1,0,0
191,IMMED,s_waitcnt,lgkmcnt(0),,,,,1676,9,0,7884,0,0,0,7,0,1,1628,58904,6,37,19,1,0,0,3,1,0,0,6,4,3,0,1,0,0
192,SALU,s_lshr_b32,s4,s12,16,,,9548,2,4,0,0,0,0,7,0,1,1628,58904,6,37,19,1,0,0,3,1,0,0,6,4,3,0,1,0,0
193,SALU,s_mul_i32,s9,s9,s4,,,9552,2,8,40,0,0,0,7,0,1,1628,58904,6,37,19,1,0,0,3,1,0,0,6,4,3,0,1,0,0
194,VALU,v_add_u32_e32,v1,s9,v1,,,9596,6,4,12,0,0,0,7,0,1,1628,58904,6,37,19,1,0,0,3,1,0,0,6,4,3,0,1,0,0
195,SALU,s_and_b32,s4,s12,0xffff,,,9612,2,8,4,0,0,0,7,0,1,1628,58904,6,37,19,1,0,0,3,1,0,0,6,4,3,0,1,0,0
196,SALU,s_mul_i32,s8,s8,s4,,,9620,2,8,0,0,0,0,7,0,1,1628,58904,6,37,19,1,0,0,3,1,0,0,6,4,3,0,1,0,0
197,VALU,v_add_u32_e32,v6,s8,v0,,,9624,6,4,0,0,0,0,7,0,1,1628,58904,6,37,19,1,0,0,3,1,0,0,6,4,3,0,1,0,0
198,VALU,v_add_u32_e32,v2,v4,v6,,,9628,6,4,8,0,0,0,7,0,1,1628,58904,6,37,19,1,0,0,3,1,0,0,6,4,3,0,1,0,0
199,VALU,v_lshlrev_b64,v[0:1],2,v[2:3],,,9640,6,4,0,0,0,0,7,0,1,1628,58904,6,37,19,1,0,0,3,1,0,0,6,4,3,0,1,0,0
200,VALU,v_mov_b32_e32,v5,s1,,,,9644,6,4,0,0,0,0,7,0,1,1628,58904,6,37,19,1,0,0,3,1,0,0,6,4,3,0,1,0,0
201,VALU,v_add_co_u32_e32,v0,vcc,s0,v0,,9648,6,4,0,0,0,0,7,0,1,1628,58904,6,37,19,1,0,0,3,1,0,0,6,4,3,0,1,0,0
202,VALU,v_addc_co_u32_e32,v1,vcc,v5,v1,vcc,9652,6,4,0,0,0,0,7,0,1,1628,58904,6,37,19,1,0,0,3,1,0,0,6,4,3,0,1,0,0
203,VALU,v_add_u32_e32,v4,s11,v4,,,9656,6,4,8,0,0,0,7,0,1,1628,58904,6,37,19,1,0,0,3,1,0,0,6,4,3,0,1,0,0
204,VALU,v_mov_b32_e32,v5,v3,,,,9668,6,4,0,0,0,0,7,0,1,1628,58904,6,37,19,1,0,0,3,1,0,0,6,4,3,0,1,0,0
205,VALU,v_lshlrev_b64,v[4:5],2,v[4:5],,,9672,6,4,20,0,0,0,7,0,1,1628,58904,6,37,19,1,0,0,3,1,0,0,6,4,3,0,1,0,0
206,VALU,v_add_co_u32_e32,v4,vcc,s0,v4,,9696,6,4,0,0,0,0,7,0,1,1628,58904,6,37,19,1,0,0,3,1,0,0,6,4,3,0,1,0,0
207,SALU,s_mul_i32,s4,s11,s10,,,9696,2,4,0,0,0,0,7,0,1,1628,58904,6,37,19,1,0,0,3,1,0,0,6,4,3,0,1,0,0
208,VALU,v_addc_co_u32_e32,v5,vcc,v7,v5,vcc,9700,6,4,1780,0,0,0,7,0,1,1628,58904,6,37,19,1,0,0,3,1,0,0,6,4,3,0,1,0,0
209,VALU,v_add_u32_e32,v6,s4,v6,,,11484,6,4,8,0,0,0,7,0,1,1628,58904,6,37,19,1,0,0,3,1,0,0,6,4,3,0,1,0,0
210,VALU,v_mov_b32_e32,v7,v3,,,,11496,6,4,0,0,0,0,7,0,1,1628,58904,6,37,19,1,0,0,3,1,0,0,6,4,3,0,1,0,0
211,VALU,v_lshlrev_b64,v[6:7],2,v[6:7],,,11500,6,4,0,0,0,0,7,0,1,1628,58904,6,37,19,1,0,0,3,1,0,0,6,4,3,0,1,0,0
212,VALU,v_mov_b32_e32,v8,s1,,,,11504,6,4,68,0,0,0,7,0,1,1628,58904,6,37,19,1,0,0,3,1,0,0,6,4,3,0,1,0,0
213,FLAT,global_load_dword,v8,v[4:5],off,,,11576,4,4,0,0,0,1,7,0,1,1628,58904,6,37,19,1,0,0,3,1,0,0,6,4,3,0,1,0,0
214,FLAT,global_load_dword,v9,v[6:7],off,,,11580,4,4,0,0,0,2,7,0,1,1628,58904,6,37,19,1,0,0,3,1,0,0,6,4,3,0,1,0,0
215,FLAT,global_load_dword,v10,v[0:1],off,,,11584,4,4,4,0,0,3,7,0,1,1628,58904,6,37,19,1,0,0,3,1,0,0,6,4,3,0,1,0,0
216,IMMED,s_waitcnt,vmcnt(1),,,,,11588,9,0,47256,0,1,0,7,0,1,1628,58904,6,37,19,1,0,0,3,1,0,0,6,4,3,0,1,0,0
217,VALU,v_add_u32_e32,v4,v9,v8,,,58848,6,4,4,0,1,0,7,0,1,1628,58904,6,37,19,1,0,0,3,1,0,0,6,4,3,0,1,0,0
218,IMMED,s_waitcnt,vmcnt(0),,,,,58852,9,0,4,0,0,0,7,0,1,1628,58904,6,37,19,1,0,0,3,1,0,0,6,4,3,0,1,0,0
219,VALU,v_cmp_lt_i32_e32,vcc,v4,v10,,,58856,6,4,16,0,0,0,7,0,1,1628,58904,6,37,19,1,0,0,3,1,0,0,6,4,3,0,1,0,0
220,SALU,s_and_saveexec_b64,s[0:1],vcc,,,,58880,2,8,0,0,0,0,7,0,1,1628,58904,6,37,19,1,0,0,3,1,0,0,6,4,3,0,1,0,0
221,JUMP,s_cbranch_execz,.LBB0_2,,,,,58884,7,4,16,0,0,0,7,0,1,1628,58904,6,37,19,1,0,0,3,1,0,0,6,4,3,0,1,0,0
222,SMEM,s_load_dword,s12,s[4:5],0x4,,,1632,1,4,0,1,0,0,0,0,0,1208,67472,6,37,19,0,0,0,3,1,0,0,6,0,3,0,1,0,0
223,SMEM,s_load_dwordx2,s[10:11],s[6:7],0x10,,,1636,1,4,0,2,0,0,0,0,0,1208,67472,6,37,19,0,0,0,3,1,0,0,6,0,3,0,1,0,0
224,SMEM,s_load_dwordx4,s[0:3],s[6:7],0x0,,,1640,1,4,0,3,0,0,0,0,0,1208,67472,6,37,19,0,0,0,3,1,0,0,6,0,3,0,1,0,0
225,VALU,v_mov_b32_e32,v3,0,,,,1640,6,4,4,3,0,0,0,0,0,1208,67472,6,37,19,0,0,0,3,1,0,0,6,0,3,0,1,0,0
226,IMMED,s_waitcnt,lgkmcnt(0),,,,,1644,9,0,9424,0,0,0,0,0,0,1208,67472,6,37,19,0,0,0,3,1,0,0,6,0,3,0,1,0,0
227,SALU,s_lshr_b32,s4,s12,16,,,11068,2,4,0,0,0,0,0,0,0,1208,67472,6,37,19,0,0,0,3,1,0,0,6,0,3,0,1,0,0
228,SALU,s_mul_i32,s9,s9,s4,,,11072,2,4,0,0,0,0,0,0,0,1208,67472,6,37,19,0,0,0,3,1,0,0,6,0,3,0,1,0,0
229,VALU,v_add_u32_e32,v1,s9,v1,,,11072,6,4,12,0,0,0,0,0,0,1208,67472,6,37,19,0,0,0,3,1,0,0,6,0,3,0,1,0,0
230,SALU,s_and_b32,s4,s12,0xffff,,,11088,2,4,0,0,0,0,0,0,0,1208,67472,6,37,19,0,0,0,3,1,0,0,6,0,3,0,1,0,0
231,SALU,s_mul_i32,s8,s8,s4,,,11092,2,4,0,0,0,0,0,0,0,1208,67472,6,37,19,0,0,0,3,1,0,0,6,0,3,0,1,0,0
232,VALU,v_add_u32_e32,v6,s8,v0,,,11092,6,4,0,0,0,0,0,0,0,1208,67472,6,37,19,0,0,0,3,1,0,0,6,0,3,0,1,0,0
233,VALU,v_add_u32_e32,v2,v4,v6,,,11096,6,4,8,0,0,0,0,0,0,1208,67472,6,37,19,0,0,0,3,1,0,0,6,0,3,0,1,0,0
234,VALU,v_lshlrev_b64,v[0:1],2,v[2:3],,,11108,6,4,0,0,0,0,0,0,0,1208,67472,6,37,19,0,0,0,3,1,0,0,6,0,3,0,1,0,0
235,VALU,v_mov_b32_e32,v5,s1,,,,11112,6,4,0,0,0,0,0,0,0,1208,67472,6,37,19,0,0,0,3,1,0,0,6,0,3,0,1,0,0
236,VALU,v_add_co_u32_e32,v0,vcc,s0,v0,,11116,6,4,0,0,0,0,0,0,0,1208,67472,6,37,19,0,0,0,3,1,0,0,6,0,3,0,1,0,0
237,VALU,v_addc_co_u32_e32,v1,vcc,v5,v1,vcc,11120,6,4,0,0,0,0,0,0,0,1208,67472,6,37,19,0,0,0,3,1,0,0,6,0,3,0,1,0,0
238,VALU,v_add_u32_e32,v4,s11,v4,,,11124,6,4,8,0,0,0,0,0,0,1208,67472,6,37,19,0,0,0,3,1,0,0,6,0,3,0,1,0,0
239,VALU,v_mov_b32_e32,v5,v3,,,,11136,6,4,0,0,0,0,0,0,0,1208,67472,6,37,19,0,0,0,3,1,0,0,6,0,3,0,1,0,0
240,VALU,v_lshlrev_b64,v[4:5],2,v[4:5],,,11140,6,4,20,0,0,0,0,0,0,1208,67472,6,37,19,0,0,0,3,1,0,0,6,0,3,0,1,0,0
241,VALU,v_add_co_u32_e32,v4,vcc,s0,v4,,11164,6,4,0,0,0,0,0,0,0,1208,67472,6,37,19,0,0,0,3,1,0,0,6,0,3,0,1,0,0
242,SALU,s_mul_i32,s4,s11,s10,,,11164,2,4,0,0,0,0,0,0,0,1208,67472,6,37,19,0,0,0,3,1,0,0,6,0,3,0,1,0,0
243,VALU,v_addc_co_u32_e32,v5,vcc,v7,v5,vcc,11168,6,4,952,0,0,0,0,0,0,1208,67472,6,37,19,0,0,0,3,1,0,0,6,0,3,0,1,0,0
244,VALU,v_add_u32_e32,v6,s4,v6,,,12124,6,4,8,0,0,0,0,0,0,1208,67472,6,37,19,0,0,0,3,1,0,0,6,0,3,0,1,0,0
245,VALU,v_mov_b32_e32,v7,v3,,,,12136,6,4,0,0,0,0,0,0,0,1208,67472,6,37,19,0,0,0,3,1,0,0,6,0,3,0,1,0,0
246,VALU,v_lshlrev_b64,v[6:7],2,v[6:7],,,12140,6,4,0,0,0,0,0,0,0,1208,67472,6,37,19,0,0,0,3,1,0,0,6,0,3,0,1,0,0
247,VALU,v_mov_b32_e32,v8,s1,,,,12144,6,4,36,0,0,0,0,0,0,1208,67472,6,37,19,0,0,0,3,1,0,0,6,0,3,0,1,0,0
248,FLAT,global_load_dword,v8,v[4:5],off,,,12184,4,4,0,0,0,1,0,0,0,1208,67472,6,37,19,0,0,0,3,1,0,0,6,0,3,0,1,0,0
249,FLAT,global_load_dword,v9,v[6:7],off,,,12188,4,4,0,0,0,2,0,0,0,1208,67472,6,37,19,0,0,0,3,1,0,0,6,0,3,0,1,0,0
250,FLAT,global_load_dword,v10,v[0:1],off,,,12192,4,4,4,0,0,3,0,0,0,1208,67472,6,37,19,0,0,0,3,1,0,0,6,0,3,0,1,0,0
251,IMMED,s_waitcnt,vmcnt(1),,,,,12196,9,0,55216,0,1,0,0,0,0,1208,67472,6,37,19,0,0,0,3,1,0,0,6,0,3,0,1,0,0
252,VALU,v_add_u32_e32,v4,v9,v8,,,67416,6,4,4,0,1,0,0,0,0,1208,67472,6,37,19,0,0,0,3,1,0,0,6,0,3,0,1,0,0
253,IMMED,s_waitcnt,vmcnt(0),,,,,67420,9,0,4,0,0,0,0,0,0,1208,67472,6,37,19,0,0,0,3,1,0,0,6,0,3,0,1,0,0
254,VALU,v_cmp_lt_i32_e32,vcc,v4,v10,,,67424,6,4,16,0,0,0,0,0,0,1208,67472,6,37,19,0,0,0,3,1,0,0,6,0,3,0,1,0,0
255,SALU,s_and_saveexec_b64,s[0:1],vcc,,,,67448,2,8,0,0,0,0,0,0,0,1208,67472,6,37,19,0,0,0,3,1,0,0,6,0,3,0,1,0,0
256,JUMP,s_cbranch_execz,.LBB0_2,,,,,67452,7,4,16,0,0,0,0,0,0,1208,67472,6,37,19,0,0,0,3,1,0,0,6,0,3,0,1,0,0
257,SMEM,s_load_dword,s12,s[4:5],0x4,,,1644,1,4,0,1,0,0,0,0,1,1580,69000,6,37,19,1,0,0,3,1,0,0,6,3,3,0,1,0,0
258,SMEM,s_load_dwordx2,s[10:11],s[6:7],0x10,,,1648,1,4,0,2,0,0,0,0,1,1580,69000,6,37,19,1,0,0,3,1,0,0,6,3,3,0,1,0,0
259,SMEM,s_load_dwordx4,s[0:3],s[6:7],0x0,,,1652,1,4,0,3,0,0,0,0,1,1580,69000,6,37,19,1,0,0,3,1,0,0,6,3,3,0,1,0,0
260,VALU,v_mov_b32_e32,v3,0,,,,1652,6,4,4,3,0,0,0,0,1,1580,69000,6,37,19,1,0,0,3,1,0,0,6,3,3,0,1,0,0
261,IMMED,s_waitcnt,lgkmcnt(0),,,,,1656,9,0,9452,0,0,0,0,0,1,1580,69000,6,37,19,1,0,0,3,1,0,0,6,3,3,0,1,0,0
262,SALU,s_lshr_b32,s4,s12,16,,,11108,2,4,0,0,0,0,0,0,1,1580,69000,6,37,19,1,0,0,3,1,0,0,6,3,3,0,1,0,0
263,SALU,s_mul_i32,s9,s9,s4,,,11112,2,8,28,0,0,0,0,0,1,1580,69000,6,37,19,1,0,0,3,1,0,0,6,3,3,0,1,0,0
264,VALU,v_add_u32_e32,v1,s9,v1,,,11144,6,4,12,0,0,0,0,0,1,1580,69000,6,37,19,1,0,0,3,1,0,0,6,3,3,0,1,0,0
265,SALU,s_and_b32,s4,s12,0xffff,,,11160,2,8,4,0,0,0,0,0,1,1580,69000,6,37,19,1,0,0,3,1,0,0,6,3,3,0,1,0,0
266,SALU,s_mul_i32,s8,s8,s4,,,11168,2,8,0,0,0,0,0,0,1,1580,69000,6,37,19,1,0,0,3,1,0,0,6,3,3,0,1,0,0
267,VALU,v_add_u32_e32,v6,s8,v0,,,11172,6,4,0,0,0,0,0,0,1,1580,69000,6,37,19,1,0,0,3,1,0,0,6,3,3,0,1,0,0
268,VALU,v_add_u32_e32,v2,v4,v6,,,11176,6,4,8,0,0,0,0,0,1,1580,69000,6,37,19,1,0,0,3,1,0,0,6,3,3,0,1,0,0
269,VALU,v_lshlrev_b64,v[0:1],2,v[2:3],,,11188,6,4,0,0,0,0,0,0,1,1580,69000,6,37,19,1,0,0,3,1,0,0,6,3,3,0,1,0,0
270,VALU,v_mov_b32_e32,v5,s1,,,,11192,6,4,0,0,0,0,0,0,1,1580,69000,6,37,19,1,0,0,3,1,0,0,6,3,3,0,1,0,0
271,VALU,v_add_co_u32_e32,v0,vcc,s0,v0,,11196,6,4,0,0,0,0,0,0,1,1580,69000,6,37,19,1,0,0,3,1,0,0,6,3,3,0,1,0,0
272,VALU,v_addc_co_u32_e32,v1,vcc,v5,v1,vcc,11200,6,4,0,0,0,0,0,0,1,1580,69000,6,37,19,1,0,0,3,1,0,0,6,3,3,0,1,0,0
273,VALU,v_add_u32_e32,v4,s11,v4,,,11204,6,4,8,0,0,0,0,0,1,1580,69000,6,37,19,1,0,0,3,1,0,0,6,3,3,0,1,0,0
274,VALU,v_mov_b32_e32,v5,v3,,,,11216,6,4,0,0,0,0,0,0,1,1580,69000,6,37,19,1,0,0,3,1,0,0,6,3,3,0,1,0,0
275,VALU,v_lshlrev_b64,v[4:5],2,v[4:5],,,11220,6,4,20,0,0,0,0,0,1,1580,69000,6,37,19,1,0,0,3,1,0,0,6,3,3,0,1,0,0
276,VALU,v_add_co_u32_e32,v4,vcc,s0,v4,,11244,6,4,0,0,0,0,0,0,1,1580,69000,6,37,19,1,0,0,3,1,0,0,6,3,3,0,1,0,0
277,SALU,s_mul_i32,s4,s11,s10,,,11244,2,4,0,0,0,0,0,0,1,1580,69000,6,37,19,1,0,0,3,1,0,0,6,3,3,0,1,0,0
278,VALU,v_addc_co_u32_e32,v5,vcc,v7,v5,vcc,11248,6,4,896,0,0,0,0,0,1,1580,69000,6,37,19,1,0,0,3,1,0,0,6,3,3,0,1,0,0
279,VALU,v_add_u32_e32,v6,s4,v6,,,12148,6,4,8,0,0,0,0,0,1,1580,69000,6,37,19,1,0,0,3,1,0,0,6,3,3,0,1,0,0
280,VALU,v_mov_b32_e32,v7,v3,,,,12160,6,4,0,0,0,0,0,0,1,1580,69000,6,37,19,1,0,0,3,1,0,0,6,3,3,0,1,0,0
281,VALU,v_lshlrev_b64,v[6:7],2,v[6:7],,,12164,6,4,0,0,0,0,0,0,1,1580,69000,6,37,19,1,0,0,3,1,0,0,6,3,3,0,1,0,0
282,VALU,v_mov_b32_e32,v8,s1,,,,12168,6,4,60,0,0,0,0,0,1,1580,69000,6,37,19,1,0,0,3,1,0,0,6,3,3,0,1,0,0
283,FLAT,global_load_dword,v8,v[4:5],off,,,12232,4,4,0,0,0,1,0,0,1,1580,69000,6,37,19,1,0,0,3,1,0,0,6,3,3,0,1,0,0
284,FLAT,global_load_dword,v9,v[6:7],off,,,12236,4,4,0,0,0,2,0,0,1,1580,69000,6,37,19,1,0,0,3,1,0,0,6,3,3,0,1,0,0
285,FLAT,global_load_dword,v10,v[0:1],off,,,12240,4,4,4,0,0,3,0,0,1,1580,69000,6,37,19,1,0,0,3,1,0,0,6,3,3,0,1,0,0
286,IMMED,s_waitcnt,vmcnt(1),,,,,12244,9,0,56696,0,1,0,0,0,1,1580,69000,6,37,19,1,0,0,3,1,0,0,6,3,3,0,1,0,0
287,VALU,v_add_u32_e32,v4,v9,v8,,,68944,6,4,4,0,1,0,0,0,1,1580,69000,6,37,19,1,0,0,3,1,0,0,6,3,3,0,1,0,0
288,IMMED,s_waitcnt,vmcnt(0),,,,,68948,9,0,4,0,0,0,0,0,1,1580,69000,6,37,19,1,0,0,3,1,0,0,6,3,3,0,1,0,0
289,VALU,v_cmp_lt_i32_e32,vcc,v4,v10,,,68952,6,4,16,0,0,0,0,0,1,1580,69000,6,37,19,1,0,0,3,1,0,0,6,3,3,0,1,0,0
290,SALU,s_and_saveexec_b64,s[0:1],vcc,,,,68976,2,8,0,0,0,0,0,0,1,1580,69000,6,37,19,1,0,0,3,1,0,0,6,3,3,0,1,0,0
291,JUMP,s_cbranch_execz,.LBB0_2,,,,,68980,7,4,16,0,0,0,0,0,1,1580,69000,6,37,19,1,0,0,3,1,0,0,6,3,3,0,1,0,0
292,SMEM,s_load_dword,s12,s[4:5],0x4,,,1620,1,4,0,1,0,0,2,0,0,1220,51700,6,37,19,0,0,0,3,1,0,0,6,0,3,0,1,0,0
293,SMEM,s_load_dwordx2,s[10:11],s[6:7],0x10,,,1624,1,4,0,2,0,0,2,0,0,1220,51700,6,37,19,0,0,0,3,1,0,0,6,0,3,0,1,0,0
294,SMEM,s_load_dwordx4,s[0:3],s[6:7],0x0,,,1628,1,4,0,3,0,0,2,0,0,1220,51700,6,37,19,0,0,0,3,1,0,0,6,0,3,0,1,0,0
295,VALU,v_mov_b32_e32,v3,0,,,,1628,6,4,4,3,0,0,2,0,0,1220,51700,6,37,19,0,0,0,3,1,0,0,6,0,3,0,1,0,0
296,IMMED,s_waitcnt,lgkmcnt(0),,,,,1632,9,0,8128,0,0,0,2,0,0,1220,51700,6,37,19,0,0,0,3,1,0,0,6,0,3,0,1,0,0
297,SALU,s_lshr_b32,s4,s12,16,,,9760,2,4,0,0,0,0,2,0,0,1220,51700,6,37,19,0,0,0,3,1,0,0,6,0,3,0,1,0,0
298,SALU,s_mul_i32,s9,s9,s4,,,9764,2,4,0,0,0,0,2,0,0,1220,51700,6,37,19,0,0,0,3,1,0,0,6,0,3,0,1,0,0
299,VALU,v_add_u32_e32,v1,s9,v1,,,9764,6,4,12,0,0,0,2,0,0,1220,51700,6,37,19,0,0,0,3,1,0,0,6,0,3,0,1,0,0
300,SALU,s_and_b32,s4,s12,0xffff,,,9780,2,4,0,0,0,0,2,0,0,1220,51700,6,37,19,0,0,0,3,1,0,0,6,0,3,0,1,0,0
301,SALU,s_mul_i32,s8,s8,s4,,,9784,2,4,0,0,0,0,2,0,0,1220,51700,6,37,19,0,0,0,3,1,0,0,6,0,3,0,1,0,0
302,VALU,v_add_u32_e32,v6,s8,v0,,,9784,6,4,0,0,0,0,2,0,0,1220,51700,6,37,19,0,0,0,3,1,0,0,6,0,3,0,1,0,0
303,VALU,v_add_u32_e32,v2,v4,v6,,,9788,6,4,8,0,0,0,2,0,0,1220,51700,6,37,19,0,0,0,3,1,0,0,6,0,3,0,1,0,0
304,VALU,v_lshlrev_b64,v[0:1],2,v[2:3],,,9800,6,4,0,0,0,0,2,0,0,1220,51700,6,37,19,0,0,0,3,1,0,0,6,0,3,0,1,0,0
305,VALU,v_mov_b32_e32,v5,s1,,,,9804,6,4,0,0,0,0,2,0,0,1220,51700,6,37,19,0,0,0,3,1,0,0,6,0,3,0,1,0,0
306,VALU,v_add_co_u32_e32,v0,vcc,s0,v0,,9808,6,4,0,0,0,0,2,0,0,1220,51700,6,37,19,0,0,0,3,1,0,0,6,0,3,0,1,0,0
307,VALU,v_addc_co_u32_e32,v1,vcc,v5,v1,vcc,9812,6,4,0,0,0,0,2,0,0,1220,51700,6,37,19,0,0,0,3,1,0,0,6,0,3,0,1,0,0
308,VALU,v_add_u32_e32,v4,s11,v4,,,9816,6,4,8,0,0,0,2,0,0,1220,51700,6,37,19,0,0,0,3,1,0,0,6,0,3,0,1,0,0
309,VALU,v_mov_b32_e32,v5,v3,,,,9828,6,4,0,0,0,0,2,0,0,1220,51700,6,37,19,0,0,0,3,1,0,0,6,0,3,0,1,0,0
310,VALU,v_lshlrev_b64,v[4:5],2,v[4:5],,,9832,6,4,20,0,0,0,2,0,0,1220,51700,6,37,19,0,0,0,3,1,0,0,6,0,3,0,1,0,0
311,VALU,v_add_co_u32_e32,v4,vcc,s0,v4,,9856,6,4,0,0,0,0,2,0,0,1220,51700,6,37,19,0,0,0,3,1,0,0,6,0,3,0,1,0,0
312,SALU,s_mul_i32,s4,s11,s10,,,9856,2,4,0,0,0,0,2,0,0,1220,51700,6,37,19,0,0,0,3,1,0,0,6,0,3,0,1,0,0
313,VALU,v_addc_co_u32_e32,v5,vcc,v7,v5,vcc,9860,6,4,1576,0,0,0,2,0,0,1220,51700,6,37,19,0,0,0,3,1,0,0,6,0,3,0,1,0,0
314,VALU,v_add_u32_e32,v6,s4,v6,,,11440,6,4,8,0,0,0,2,0,0,1220,51700,6,37,19,0,0,0,3,1,0,0,6,0,3,0,1,0,0
315,VALU,v_mov_b32_e32,v7,v3,,,,11452,6,4,0,0,0,0,2,0,0,1220,51700,6,37,19,0,0,0,3,1,0,0,6,0,3,0,1,0,0
316,VALU,v_lshlrev_b64,v[6:7],2,v[6:7],,,11456,6,4,0,0,0,0,2,0,0,1220,51700,6,37,19,0,0,0,3,1,0,0,6,0,3,0,1,0,0
317,VALU,v_mov_b32_e32,v8,s1,,,,11460,6,4,36,0,0,0,2,0,0,1220,51700,6,37,19,0,0,0,3,1,0,0,6,0,3,0,1,0,0
318,FLAT,global_load_dword,v8,v[4:5],off,,,11500,4,4,0,0,0,1,2,0,0,1220,51700,6,37,19,0,0,0,3,1,0,0,6,0,3,0,1,0,0
319,FLAT,global_load_dword,v9,v[6:7],off,,,11504,4,4,0,0,0,2,2,0,0,1220,51700,6,37,19,0,0,0,3,1,0,0,6,0,3,0,1,0,0
320,FLAT,global_load_dword,v10,v[0:1],off,,,11508,4,4,4,0,0,3,2,0,0,1220,51700,6,37,19,0,0,0,3,1,0,0,6,0,3,0,1,0,0
321,IMMED,s_waitcnt,vmcnt(1),,,,,11512,9,0,40128,0,1,0,2,0,0,1220,51700,6,37,19,0,0,0,3,1,0,0,6,0,3,0,1,0,0
322,VALU,v_add_u32_e32,v4,v9,v8,,,51644,6,4,4,0,1,0,2,0,0,1220,51700,6,37,19,0,0,0,3,1,0,0,6,0,3,0,1,0,0
323,IMMED,s_waitcnt,vmcnt(0),,,,,51648,9,0,4,0,0,0,2,0,0,1220,51700,6,37,19,0,0,0,3,1,0,0,6,0,3,0,1,0,0
324,VALU,v_cmp_lt_i32_e32,vcc,v4,v10,,,51652,6,4,16,0,0,0,2,0,0,1220,51700,6,37,19,0,0,0,3,1,0,0,6,0,3,0,1,0,0
325,SALU,s_and_saveexec_b64,s[0:1],vcc,,,,51676,2,8,0,0,0,0,2,0,0,1220,51700,6,37,19,0,0,0,3,1,0,0,6,0,3,0,1,0,0
326,JUMP,s_cbranch_execz,.LBB0_2,,,,,51680,7,4,16,0,0,0,2,0,0,1220,51700,6,37,19,0,0,0,3,1,0,0,6,0,3,0,1,0,0
327,SMEM,s_load_dword,s12,s[4:5],0x4,,,1632,1,4,0,1,0,0,2,0,1,1580,58092,8,44,23,1,0,0,5,2,0,0,6,3,3,1,1,1,0
328,SMEM,s_load_dwordx2,s[10:11],s[6:7],0x10,,,1636,1,4,0,2,0,0,2,0,1,1580,58092,8,44,23,1,0,0,5,2,0,0,6,3,3,1,1,1,0
329,SMEM,s_load_dwordx4,s[0:3],s[6:7],0x0,,,1640,1,4,0,3,0,0,2,0,1,1580,58092,8,44,23,1,0,0,5,2,0,0,6,3,3,1,1,1,0
330,VALU,v_mov_b32_e32,v3,0,,,,1640,6,4,4,3,0,0,2,0,1,1580,58092,8,44,23,1,0,0,5,2,0,0,6,3,3,1,1,1,0
331,IMMED,s_waitcnt,lgkmcnt(0),,,,,1644,9,0,8164,0,0,0,2,0,1,1580,58092,8,44,23,1,0,0,5,2,0,0,6,3,3,1,1,1,0
332,SALU,s_lshr_b32,s4,s12,16,,,9808,2,4,0,0,0,0,2,0,1,1580,58092,8,44,23,1,0,0,5,2,0,0,6,3,3,1,1,1,0
333,SALU,s_mul_i32,s9,s9,s4,,,9812,2,8,20,0,0,0,2,0,1,1580,58092,8,44,23,1,0,0,5,2,0,0,6,3,3,1,1,1,0
334,VALU,v_add_u32_e32,v1,s9,v1,,,9836,6,4,12,0,0,0,2,0,1,1580,58092,8,44,23,1,0,0,5,2,0,0,6,3,3,1,1,1,0
335,SALU,s_and_b32,s4,s12,0xffff,,,9852,2,8,4,0,0,0,2,0,1,1580,58092,8,44,23,1,0,0,5,2,0,0,6,3,3,1,1,1,0
336,SALU,s_mul_i32,s8,s8,s4,,,9860,2,8,0,0,0,0,2,0,1,1580,58092,8,44,23,1,0,0,5,2,0,0,6,3,3,1,1,1,0
337,VALU,v_add_u32_e32,v6,s8,v0,,,9864,6,4,0,0,0,0,2,0,1,1580,58092,8,44,23,1,0,0,5,2,0,0,6,3,3,1,1,1,0
338,VALU,v_add_u32_e32,v2,v4,v6,,,9868,6,4,8,0,0,0,2,0,1,1580,58092,8,44,23,1,0,0,5,2,0,0,6,3,3,1,1,1,0
339,VALU,v_lshlrev_b64,v[0:1],2,v[2:3],,,9880,6,4,0,0,0,0,2,0,1,1580,58092,8,44,23,1,0,0,5,2,0,0,6,3,3,1,1,1,0
340,VALU,v_mov_b32_e32,v5,s1,,,,9884,6,4,0,0,0,0,2,0,1,1580,58092,8,44,23,1,0,0,5,2,0,0,6,3,3,1,1,1,0
341,VALU,v_add_co_u32_e32,v0,vcc,s0,v0,,9888,6,4,0,0,0,0,2,0,1,1580,58092,8,44,23,1,0,0,5,2,0,0,6,3,3,1,1,1,0
342,VALU,v_addc_co_u32_e32,v1,vcc,v5,v1,vcc,9892,6,4,0,0,0,0,2,0,1,1580,58092,8,44,23,1,0,0,5,2,0,0,6,3,3,1,1,1,0
343,VALU,v_add_u32_e32,v4,s11,v4,,,9896,6,4,8,0,0,0,2,0,1,1580,58092,8,44,23,1,0,0,5,2,0,0,6,3,3,1,1,1,0
344,VALU,v_mov_b32_e32,v5,v3,,,,9908,6,4,0,0,0,0,2,0,1,1580,58092,8,44,23,1,0,0,5,2,0,0,6,3,3,1,1,1,0
345,VALU,v_lshlrev_b64,v[4:5],2,v[4:5],,,9912,6,4,20,0,0,0,2,0,1,1580,58092,8,44,23,1,0,0,5,2,0,0,6,3,3,1,1,1,0
346,VALU,v_add_co_u32_e32,v4,vcc,s0,v4,,9936,6,4,0,0,0,0,2,0,1,1580,58092,8,44,23,1,0,0,5,2,0,0,6,3,3,1,1,1,0
347,SALU,s_mul_i32,s4,s11,s10,,,9936,2,4,0,0,0,0,2,0,1,1580,58092,8,44,23,1,0,0,5,2,0,0,6,3,3,1,1,1,0
348,VALU,v_addc_co_u32_e32,v5,vcc,v7,v5,vcc,9940,6,4,1520,0,0,0,2,0,1,1580,58092,8,44,23,1,0,0,5,2,0,0,6,3,3,1,1,1,0
349,VALU,v_add_u32_e32,v6,s4,v6,,,11464,6,4,8,0,0,0,2,0,1,1580,58092,8,44,23,1,0,0,5,2,0,0,6,3,3,1,1,1,0
350,VALU,v_mov_b32_e32,v7,v3,,,,11476,6,4,0,0,0,0,2,0,1,1580,58092,8,44,23,1,0,0,5,2,0,0,6,3,3,1,1,1,0
351,VALU,v_lshlrev_b64,v[6:7],2,v[6:7],,,11480,6,4,0,0,0,0,2,0,1,1580,58092,8,44,23,1,0,0,5,2,0,0,6,3,3,1,1,1,0
352,VALU,v_mov_b32_e32,v8,s1,,,,11484,6,4,60,0,0,0,2,0,1,1580,58092,8,44,23,1,0,0,5,2,0,0,6,3,3,1,1,1,0
353,FLAT,global_load_dword,v8,v[4:5],off,,,11548,4,4,0,0,0,1,2,0,1,1580,58092,8,44,23,1,0,0,5,2,0,0,6,3,3,1,1,1,0
354,FLAT,global_load_dword,v9,v[6:7],off,,,11552,4,4,0,0,0,2,2,0,1,1580,58092,8,44,23,1,0,0,5,2,0,0,6,3,3,1,1,1,0
355,FLAT,global_load_dword,v10,v[0:1],off,,,11556,4,4,4,0,0,3,2,0,1,1580,58092,8,44,23,1,0,0,5,2,0,0,6,3,3,1,1,1,0
356,IMMED,s_waitcnt,vmcnt(1),,,,,11560,9,0,43332,0,1,0,2,0,1,1580,58092,8,44,23,1,0,0,5,2,0,0,6,3,3,1,1,1,0
357,VALU,v_add_u32_e32,v4,v9,v8,,,54896,6,4,4,0,1,0,2,0,1,1580,58092,8,44,23,1,0,0,5,2,0,0,6,3,3,1,1,1,0
358,IMMED,s_waitcnt,vmcnt(0),,,,,54900,9,0,2268,0,0,0,2,0,1,1580,58092,8,44,23,1,0,0,5,2,0,0,6,3,3,1,1,1,0
359,VALU,v_cmp_lt_i32_e32,vcc,v4,v10,,,57172,6,4,16,0,0,0,2,0,1,1580,58092,8,44,23,1,0,0,5,2,0,0,6,3,3,1,1,1,0
360,SALU,s_and_saveexec_b64,s[0:1],vcc,,,,57196,2,8,0,0,0,0,2,0,1,1580,58092,8,44,23,1,0,0,5,2,0,0,6,3,3,1,1,1,0
361,NEXT,s_cbranch_execz,.LBB0_2,,,,,57200,8,4,8,0,0,0,2,0,1,1580,58092,8,44,23,1,0,0,5,2,0,0,6,3,3,1,1,1,0
362,VALU,v_lshlrev_b64,v[2:3],2,v[2:3],,,57212,6,4,0,0,0,0,2,0,1,1580,58092,8,44,23,1,0,0,5,2,0,0,6,3,3,1,1,1,0
363,VALU,v_mov_b32_e32,v5,s3,,,,57216,6,4,0,0,0,0,2,0,1,1580,58092,8,44,23,1,0,0,5,2,0,0,6,3,3,1,1,1,0
364,VALU,v_add_co_u32_e32,v2,vcc,s2,v2,,57220,6,4,16,0,0,0,2,0,1,1580,58092,8,44,23,1,0,0,5,2,0,0,6,3,3,1,1,1,0
365,VALU,v_addc_co_u32_e32,v3,vcc,v5,v3,vcc,57244,6,4,8,0,0,0,2,0,1,1580,58092,8,44,23,1,0,0,5,2,0,0,6,3,3,1,1,1,0
366,FLAT,global_store_dword,v[0:1],v4,off,,,57240,4,4,0,0,0,0,2,0,1,1580,58092,8,44,23,1,0,0,5,2,0,0,6,3,3,1,1,1,0
367,FLAT,global_store_dword,v[2:3],v0,off,,,57256,4,4,832,0,0,1,2,0,1,1580,58092,8,44,23,1,0,0,5,2,0,0,6,3,3,1,1,1,0
368,SMEM,s_load_dword,s12,s[4:5],0x4,,,1656,1,0,4,1,0,0,5,0,0,1236,55668,6,37,19,0,0,0,3,1,0,0,6,1,3,0,1,0,0
369,SMEM,s_load_dwordx2,s[10:11],s[6:7],0x10,,,1660,1,0,4,2,0,0,5,0,0,1236,55668,6,37,19,0,0,0,3,1,0,0,6,1,3,0,1,0,0
370,SMEM,s_load_dwordx4,s[0:3],s[6:7],0x0,,,1664,1,0,0,3,0,0,5,0,0,1236,55668,6,37,19,0,0,0,3,1,0,0,6,1,3,0,1,0,0
371,VALU,v_mov_b32_e32,v3,0,,,,1664,6,0,4,3,0,0,5,0,0,1236,55668,6,37,19,0,0,0,3,1,0,0,6,1,3,0,1,0,0
372,IMMED,s_waitcnt,lgkmcnt(0),,,,,1668,9,0,9172,0,0,0,5,0,0,1236,55668,6,37,19,0,0,0,3,1,0,0,6,1,3,0,1,0,0
373,SALU,s_lshr_b32,s4,s12,16,,,10836,2,0,4,0,0,0,5,0,0,1236,55668,6,37,19,0,0,0,3,1,0,0,6,1,3,0,1,0,0
374,SALU,s_mul_i32,s9,s9,s4,,,10840,2,4,4,0,0,0,5,0,0,1236,55668,6,37,19,0,0,0,3,1,0,0,6,1,3,0,1,0,0
375,VALU,v_add_u32_e32,v1,s9,v1,,,10844,6,0,16,0,0,0,5,0,0,1236,55668,6,37,19,0,0,0,3,1,0,0,6,1,3,0,1,0,0
376,SALU,s_and_b32,s4,s12,0xffff,,,10860,2,0,4,0,0,0,5,0,0,1236,55668,6,37,19,0,0,0,3,1,0,0,6,1,3,0,1,0,0
377,SALU,s_mul_i32,s8,s8,s4,,,10864,2,0,0,0,0,0,5,0,0,1236,55668,6,37,19,0,0,0,3,1,0,0,6,1,3,0,1,0,0
378,VALU,v_add_u32_e32,v6,s8,v0,,,10864,6,0,4,0,0,0,5,0,0,1236,55668,6,37,19,0,0,0,3,1,0,0,6,1,3,0,1,0,0
379,VALU,v_add_u32_e32,v2,v4,v6,,,10868,6,0,12,0,0,0,5,0,0,1236,55668,6,37,19,0,0,0,3,1,0,0,6,1,3,0,1,0,0
380,VALU,v_lshlrev_b64,v[0:1],2,v[2:3],,,10880,6,0,4,0,0,0,5,0,0,1236,55668,6,37,19,0,0,0,3,1,0,0,6,1,3,0,1,0,0
381,VALU,v_mov_b32_e32,v5,s1,,,,10884,6,0,4,0,0,0,5,0,0,1236,55668,6,37,19,0,0,0,3,1,0,0,6,1,3,0,1,0,0
382,VALU,v_add_co_u32_e32,v0,vcc,s0,v0,,10888,6,0,4,0,0,0,5,0,0,1236,55668,6,37,19,0,0,0,3,1,0,0,6,1,3,0,1,0,0
383,VALU,v_addc_co_u32_e32,v1,vcc,v5,v1,vcc,10892,6,0,4,0,0,0,5,0,0,1236,55668,6,37,19,0,0,0,3,1,0,0,6,1,3,0,1,0,0
384,VALU,v_add_u32_e32,v4,s11,v4,,,10896,6,0,12,0,0,0,5,0,0,1236,55668,6,37,19,0,0,0,3,1,0,0,6,1,3,0,1,0,0
385,VALU,v_mov_b32_e32,v5,v3,,,,10908,6,0,4,0,0,0,5,0,0,1236,55668,6,37,19,0,0,0,3,1,0,0,6,1,3,0,1,0,0
386,VALU,v_lshlrev_b64,v[4:5],2,v[4:5],,,10912,6,0,24,0,0,0,5,0,0,1236,55668,6,37,19,0,0,0,3,1,0,0,6,1,3,0,1,0,0
387,VALU,v_add_co_u32_e32,v4,vcc,s0,v4,,10936,6,0,4,0,0,0,5,0,0,1236,55668,6,37,19,0,0,0,3,1,0,0,6,1,3,0,1,0,0
388,SALU,s_mul_i32,s4,s11,s10,,,10936,2,0,0,0,0,0,5,0,0,1236,55668,6,37,19,0,0,0,3,1,0,0,6,1,3,0,1,0,0
389,VALU,v_addc_co_u32_e32,v5,vcc,v7,v5,vcc,10940,6,0,1208,0,0,0,5,0,0,1236,55668,6,37,19,0,0,0,3,1,0,0,6,1,3,0,1,0,0
390,VALU,v_add_u32_e32,v6,s4,v6,,,12148,6,0,12,0,0,0,5,0,0,1236,55668,6,37,19,0,0,0,3,1,0,0,6,1,3,0,1,0,0
391,VALU,v_mov_b32_e32,v7,v3,,,,12160,6,0,4,0,0,0,5,0,0,1236,55668,6,37,19,0,0,0,3,1,0,0,6,1,3,0,1,0,0
392,VALU,v_lshlrev_b64,v[6:7],2,v[6:7],,,12164,6,0,4,0,0,0,5,0,0,1236,55668,6,37,19,0,0,0,3,1,0,0,6,1,3,0,1,0,0
393,VALU,v_mov_b32_e32,v8,s1,,,,12168,6,0,20,0,0,0,5,0,0,1236,55668,6,37,19,0,0,0,3,1,0,0,6,1,3,0,1,0,0
394,FLAT,global_load_dword,v8,v[4:5],off,,,12188,4,0,4,0,0,1,5,0,0,1236,55668,6,37,19,0,0,0,3,1,0,0,6,1,3,0,1,0,0
395,FLAT,global_load_dword,v9,v[6:7],off,,,12192,4,0,4,0,0,2,5,0,0,1236,55668,6,37,19,0,0,0,3,1,0,0,6,1,3,0,1,0,0
396,FLAT,global_load_dword,v10,v[0:1],off,,,12196,4,0,4,0,0,3,5,0,0,1236,55668,6,37,19,0,0,0,3,1,0,0,6,1,3,0,1,0,0
397,IMMED,s_waitcnt,vmcnt(1),,,,,12200,9,0,43412,0,1,0,5,0,0,1236,55668,6,37,19,0,0,0,3,1,0,0,6,1,3,0,1,0,0
398,VALU,v_add_u32_e32,v4,v9,v8,,,55612,6,0,4,0,1,0,5,0,0,1236,55668,6,37,19,0,0,0,3,1,0,0,6,1,3,0,1,0,0
399,IMMED,s_waitcnt,vmcnt(0),,,,,55616,9,0,4,0,0,0,5,0,0,1236,55668,6,37,19,0,0,0,3,1,0,0,6,1,3,0,1,0,0
400,VALU,v_cmp_lt_i32_e32,vcc,v4,v10,,,55620,6,0,20,0,0,0,5,0,0,1236,55668,6,37,19,0,0,0,3,1,0,0,6,1,3,0,1,0,0
401,SALU,s_and_saveexec_b64,s[0:1],vcc,,,,55644,2,4,4,0,0,0,5,0,0,1236,55668,6,37,19,0,0,0,3,1,0,0,6,1,3,0,1,0,0
402,JUMP,s_cbranch_execz,.LBB0_2,,,,,55648,7,0,20,0,0,0,5,0,0,1236,55668,6,37,19,0,0,0,3,1,0,0,6,1,3,0,1,0,0
403,SMEM,s_load_dword,s12,s[4:5],0x4,,,1680,1,0,4,1,0,0,5,0,1,1604,67636,6,37,19,3,0,0,3,1,0,0,6,1,3,0,1,0,0
404,SMEM,s_load_dwordx2,s[10:11],s[6:7],0x10,,,1684,1,0,4,2,0,0,5,0,1,1604,67636,6,37,19,3,0,0,3,1,0,0,6,1,3,0,1,0,0
405,SMEM,s_load_dwordx4,s[0:3],s[6:7],0x0,,,1688,1,0,0,3,0,0,5,0,1,1604,67636,6,37,19,3,0,0,3,1,0,0,6,1,3,0,1,0,0
406,VALU,v_mov_b32_e32,v3,0,,,,1688,6,0,4,3,0,0,5,0,1,1604,67636,6,37,19,3,0,0,3,1,0,0,6,1,3,0,1,0,0
407,IMMED,s_waitcnt,lgkmcnt(0),,,,,1692,9,0,9140,0,0,0,5,0,1,1604,67636,6,37,19,3,0,0,3,1,0,0,6,1,3,0,1,0,0
408,SALU,s_lshr_b32,s4,s12,16,,,10828,2,0,4,0,0,0,5,0,1,1604,67636,6,37,19,3,0,0,3,1,0,0,6,1,3,0,1,0,0
409,SALU,s_mul_i32,s9,s9,s4,,,10832,2,0,0,0,0,0,5,0,1,1604,67636,6,37,19,3,0,0,3,1,0,0,6,1,3,0,1,0,0
410,VALU,v_add_u32_e32,v1,s9,v1,,,10832,6,0,16,0,0,0,5,0,1,1604,67636,6,37,19,3,0,0,3,1,0,0,6,1,3,0,1,0,0
411,SALU,s_and_b32,s4,s12,0xffff,,,10848,2,0,4,0,0,0,5,0,1,1604,67636,6,37,19,3,0,0,3,1,0,0,6,1,3,0,1,0,0
412,SALU,s_mul_i32,s8,s8,s4,,,10852,2,4,4,0,0,0,5,0,1,1604,67636,6,37,19,3,0,0,3,1,0,0,6,1,3,0,1,0,0
413,VALU,v_add_u32_e32,v6,s8,v0,,,10856,6,0,4,0,0,0,5,0,1,1604,67636,6,37,19,3,0,0,3,1,0,0,6,1,3,0,1,0,0
414,VALU,v_add_u32_e32,v2,v4,v6,,,10860,6,0,64,0,0,0,5,0,1,1604,67636,6,37,19,3,0,0,3,1,0,0,6,1,3,0,1,0,0
415,VALU,v_lshlrev_b64,v[0:1],2,v[2:3],,,10924,6,0,4,0,0,0,5,0,1,1604,67636,6,37,19,3,0,0,3,1,0,0,6,1,3,0,1,0,0
416,VALU,v_mov_b32_e32,v5,s1,,,,10928,6,0,4,0,0,0,5,0,1,1604,67636,6,37,19,3,0,0,3,1,0,0,6,1,3,0,1,0,0
417,VALU,v_add_co_u32_e32,v0,vcc,s0,v0,,10932,6,0,12,0,0,0,5,0,1,1604,67636,6,37,19,3,0,0,3,1,0,0,6,1,3,0,1,0,0
418,VALU,v_addc_co_u32_e32,v1,vcc,v5,v1,vcc,10944,6,0,4,0,0,0,5,0,1,1604,67636,6,37,19,3,0,0,3,1,0,0,6,1,3,0,1,0,0
419,VALU,v_add_u32_e32,v4,s11,v4,,,10948,6,0,12,0,0,0,5,0,1,1604,67636,6,37,19,3,0,0,3,1,0,0,6,1,3,0,1,0,0
420,VALU,v_mov_b32_e32,v5,v3,,,,10960,6,0,4,0,0,0,5,0,1,1604,67636,6,37,19,3,0,0,3,1,0,0,6,1,3,0,1,0,0
421,VALU,v_lshlrev_b64,v[4:5],2,v[4:5],,,10964,6,0,24,0,0,0,5,0,1,1604,67636,6,37,19,3,0,0,3,1,0,0,6,1,3,0,1,0,0
422,VALU,v_add_co_u32_e32,v4,vcc,s0,v4,,10988,6,0,4,0,0,0,5,0,1,1604,67636,6,37,19,3,0,0,3,1,0,0,6,1,3,0,1,0,0
423,SALU,s_mul_i32,s4,s11,s10,,,10988,2,0,0,0,0,0,5,0,1,1604,67636,6,37,19,3,0,0,3,1,0,0,6,1,3,0,1,0,0
424,VALU,v_addc_co_u32_e32,v5,vcc,v7,v5,vcc,10992,6,0,1180,0,0,0,5,0,1,1604,67636,6,37,19,3,0,0,3,1,0,0,6,1,3,0,1,0,0
425,VALU,v_add_u32_e32,v6,s4,v6,,,12172,6,0,12,0,0,0,5,0,1,1604,67636,6,37,19,3,0,0,3,1,0,0,6,1,3,0,1,0,0
426,VALU,v_mov_b32_e32,v7,v3,,,,12184,6,0,4,0,0,0,5,0,1,1604,67636,6,37,19,3,0,0,3,1,0,0,6,1,3,0,1,0,0
427,VALU,v_lshlrev_b64,v[6:7],2,v[6:7],,,12188,6,0,4,0,0,0,5,0,1,1604,67636,6,37,19,3,0,0,3,1,0,0,6,1,3,0,1,0,0
428,VALU,v_mov_b32_e32,v8,s1,,,,12192,6,0,44,0,0,0,5,0,1,1604,67636,6,37,19,3,0,0,3,1,0,0,6,1,3,0,1,0,0
429,FLAT,global_load_dword,v8,v[4:5],off,,,12236,4,0,4,0,0,1,5,0,1,1604,67636,6,37,19,3,0,0,3,1,0,0,6,1,3,0,1,0,0
430,FLAT,global_load_dword,v9,v[6:7],off,,,12240,4,0,4,0,0,2,5,0,1,1604,67636,6,37,19,3,0,0,3,1,0,0,6,1,3,0,1,0,0
431,FLAT,global_load_dword,v10,v[0:1],off,,,12244,4,0,4,0,0,3,5,0,1,1604,67636,6,37,19,3,0,0,3,1,0,0,6,1,3,0,1,0,0
432,IMMED,s_waitcnt,vmcnt(1),,,,,12248,9,0,55332,0,1,0,5,0,1,1604,67636,6,37,19,3,0,0,3,1,0,0,6,1,3,0,1,0,0
433,VALU,v_add_u32_e32,v4,v9,v8,,,67580,6,0,4,0,1,0,5,0,1,1604,67636,6,37,19,3,0,0,3,1,0,0,6,1,3,0,1,0,0
434,IMMED,s_waitcnt,vmcnt(0),,,,,67584,9,0,4,0,0,0,5,0,1,1604,67636,6,37,19,3,0,0,3,1,0,0,6,1,3,0,1,0,0
435,VALU,v_cmp_lt_i32_e32,vcc,v4,v10,,,67588,6,0,20,0,0,0,5,0,1,1604,67636,6,37,19,3,0,0,3,1,0,0,6,1,3,0,1,0,0
436,SALU,s_and_saveexec_b64,s[0:1],vcc,,,,67612,2,4,4,0,0,0,5,0,1,1604,67636,6,37,19,3,0,0,3,1,0,0,6,1,3,0,1,0,0
437,JUMP,s_cbranch_execz,.LBB0_2,,,,,67616,7,0,20,0,0,0,5,0,1,1604,67636,6,37,19,3,0,0,3,1,0,0,6,1,3,0,1,0,0
438,SMEM,s_load_dword,s12,s[4:5],0x4,,,1644,1,4,0,1,0,0,1,0,0,1220,73596,6,37,19,0,0,0,3,1,0,0,6,0,3,0,1,0,0
439,SMEM,s_load_dwordx2,s[10:11],s[6:7],0x10,,,1648,1,4,0,2,0,0,1,0,0,1220,73596,6,37,19,0,0,0,3,1,0,0,6,0,3,0,1,0,0
440,SMEM,s_load_dwordx4,s[0:3],s[6:7],0x0,,,1652,1,4,0,3,0,0,1,0,0,1220,73596,6,37,19,0,0,0,3,1,0,0,6,0,3,0,1,0,0
441,VALU,v_mov_b32_e32,v3,0,,,,1652,6,4,4,3,0,0,1,0,0,1220,73596,6,37,19,0,0,0,3,1,0,0,6,0,3,0,1,0,0
442,IMMED,s_waitcnt,lgkmcnt(0),,,,,1656,9,0,9268,0,0,0,1,0,0,1220,73596,6,37,19,0,0,0,3,1,0,0,6,0,3,0,1,0,0
443,SALU,s_lshr_b32,s4,s12,16,,,10924,2,4,0,0,0,0,1,0,0,1220,73596,6,37,19,0,0,0,3,1,0,0,6,0,3,0,1,0,0
444,SALU,s_mul_i32,s9,s9,s4,,,10928,2,4,0,0,0,0,1,0,0,1220,73596,6,37,19,0,0,0,3,1,0,0,6,0,3,0,1,0,0
445,VALU,v_add_u32_e32,v1,s9,v1,,,10928,6,4,12,0,0,0,1,0,0,1220,73596,6,37,19,0,0,0,3,1,0,0,6,0,3,0,1,0,0
446,SALU,s_and_b32,s4,s12,0xffff,,,10944,2,4,0,0,0,0,1,0,0,1220,73596,6,37,19,0,0,0,3,1,0,0,6,0,3,0,1,0,0
447,SALU,s_mul_i32,s8,s8,s4,,,10948,2,4,0,0,0,0,1,0,0,1220,73596,6,37,19,0,0,0,3,1,0,0,6,0,3,0,1,0,0
448,VALU,v_add_u32_e32,v6,s8,v0,,,10948,6,4,0,0,0,0,1,0,0,1220,73596,6,37,19,0,0,0,3,1,0,0,6,0,3,0,1,0,0
449,VALU,v_add_u32_e32,v2,v4,v6,,,10952,6,4,8,0,0,0,1,0,0,1220,73596,6,37,19,0,0,0,3,1,0,0,6,0,3,0,1,0,0
450,VALU,v_lshlrev_b64,v[0:1],2,v[2:3],,,10964,6,4,0,0,0,0,1,0,0,1220,73596,6,37,19,0,0,0,3,1,0,0,6,0,3,0,1,0,0
451,VALU,v_mov_b32_e32,v5,s1,,,,10968,6,4,0,0,0,0,1,0,0,1220,73596,6,37,19,0,0,0,3,1,0,0,6,0,3,0,1,0,0
452,VALU,v_add_co_u32_e32,v0,vcc,s0,v0,,10972,6,4,0,0,0,0,1,0,0,1220,73596,6,37,19,0,0,0,3,1,0,0,6,0,3,0,1,0,0
453,VALU,v_addc_co_u32_e32,v1,vcc,v5,v1,vcc,10976,6,4,0,0,0,0,1,0,0,1220,73596,6,37,19,0,0,0,3,1,0,0,6,0,3,0,1,0,0
454,VALU,v_add_u32_e32,v4,s11,v4,,,10980,6,4,8,0,0,0,1,0,0,1220,73596,6,37,19,0,0,0,3,1,0,0,6,0,3,0,1,0,0
455,VALU,v_mov_b32_e32,v5,v3,,,,10992,6,4,0,0,0,0,1,0,0,1220,73596,6,37,19,0,0,0,3,1,0,0,6,0,3,0,1,0,0
456,VALU,v_lshlrev_b64,v[4:5],2,v[4:5],,,10996,6,4,20,0,0,0,1,0,0,1220,73596,6,37,19,0,0,0,3,1,0,0,6,0,3,0,1,0,0
457,VALU,v_add_co_u32_e32,v4,vcc,s0,v4,,11020,6,4,0,0,0,0,1,0,0,1220,73596,6,37,19,0,0,0,3,1,0,0,6,0,3,0,1,0,0
458,SALU,s_mul_i32,s4,s11,s10,,,11020,2,4,0,0,0,0,1,0,0,1220,73596,6,37,19,0,0,0,3,1,0,0,6,0,3,0,1,0,0
459,VALU,v_addc_co_u32_e32,v5,vcc,v7,v5,vcc,11024,6,4,1112,0,0,0,1,0,0,1220,73596,6,37,19,0,0,0,3,1,0,0,6,0,3,0,1,0,0
460,VALU,v_add_u32_e32,v6,s4,v6,,,12140,6,4,8,0,0,0,1,0,0,1220,73596,6,37,19,0,0,0,3,1,0,0,6,0,3,0,1,0,0
461,VALU,v_mov_b32_e32,v7,v3,,,,12152,6,4,0,0,0,0,1,0,0,1220,73596,6,37,19,0,0,0,3,1,0,0,6,0,3,0,1,0,0
462,VALU,v_lshlrev_b64,v[6:7],2,v[6:7],,,12156,6,4,0,0,0,0,1,0,0,1220,73596,6,37,19,0,0,0,3,1,0,0,6,0,3,0,1,0,0
463,VALU,v_mov_b32_e32,v8,s1,,,,12160,6,4,44,0,0,0,1,0,0,1220,73596,6,37,19,0,0,0,3,1,0,0,6,0,3,0,1,0,0
464,FLAT,global_load_dword,v8,v[4:5],off,,,12208,4,4,0,0,0,1,1,0,0,1220,73596,6,37,19,0,0,0,3,1,0,0,6,0,3,0,1,0,0
465,FLAT,global_load_dword,v9,v[6:7],off,,,12212,4,4,0,0,0,2,1,0,0,1220,73596,6,37,19,0,0,0,3,1,0,0,6,0,3,0,1,0,0
466,FLAT,global_load_dword,v10,v[0:1],off,,,12216,4,4,4,0,0,3,1,0,0,1220,73596,6,37,19,0,0,0,3,1,0,0,6,0,3,0,1,0,0
467,IMMED,s_waitcnt,vmcnt(1),,,,,12220,9,0,61316,0,1,0,1,0,0,1220,73596,6,37,19,0,0,0,3,1,0,0,6,0,3,0,1,0,0
468,VALU,v_add_u32_e32,v4,v9,v8,,,73540,6,4,4,0,1,0,1,0,0,1220,73596,6,37,19,0,0,0,3,1,0,0,6,0,3,0,1,0,0
469,IMMED,s_waitcnt,vmcnt(0),,,,,73544,9,0,4,0,0,0,1,0,0,1220,73596,6,37,19,0,0,0,3,1,0,0,6,0,3,0,1,0,0
470,VALU,v_cmp_lt_i32_e32,vcc,v4,v10,,,73548,6,4,16,0,0,0,1,0,0,1220,73596,6,37,19,0,0,0,3,1,0,0,6,0,3,0,1,0,0
471,SALU,s_and_saveexec_b64,s[0:1],vcc,,,,73572,2,8,0,0,0,0,1,0,0,1220,73596,6,37,19,0,0,0,3,1,0,0,6,0,3,0,1,0,0
472,JUMP,s_cbranch_execz,.LBB0_2,,,,,73576,7,4,16,0,0,0,1,0,0,1220,73596,6,37,19,0,0,0,3,1,0,0,6,0,3,0,1,0,0
473,SMEM,s_load_dword,s12,s[4:5],0x4,,,1656,1,4,0,1,0,0,1,0,1,1580,77484,8,44,23,1,0,0,5,2,0,0,6,3,3,1,1,1,0
474,SMEM,s_load_dwordx2,s[10:11],s[6:7],0x10,,,1660,1,4,0,2,0,0,1,0,1,1580,77484,8,44,23,1,0,0,5,2,0,0,6,3,3,1,1,1,0
475,SMEM,s_load_dwordx4,s[0:3],s[6:7],0x0,,,1664,1,4,0,3,0,0,1,0,1,1580,77484,8,44,23,1,0,0,5,2,0,0,6,3,3,1,1,1,0
476,VALU,v_mov_b32_e32,v3,0,,,,1664,6,4,4,3,0,0,1,0,1,1580,77484,8,44,23,1,0,0,5,2,0,0,6,3,3,1,1,1,0
477,IMMED,s_waitcnt,lgkmcnt(0),,,,,1668,9,0,9300,0,0,0,1,0,1,1580,77484,8,44,23,1,0,0,5,2,0,0,6,3,3,1,1,1,0
478,SALU,s_lshr_b32,s4,s12,16,,,10968,2,4,0,0,0,0,1,0,1,1580,77484,8,44,23,1,0,0,5,2,0,0,6,3,3,1,1,1,0
479,SALU,s_mul_i32,s9,s9,s4,,,10972,2,8,24,0,0,0,1,0,1,1580,77484,8,44,23,1,0,0,5,2,0,0,6,3,3,1,1,1,0
480,VALU,v_add_u32_e32,v1,s9,v1,,,11000,6,4,12,0,0,0,1,0,1,1580,77484,8,44,23,1,0,0,5,2,0,0,6,3,3,1,1,1,0
481,SALU,s_and_b32,s4,s12,0xffff,,,11016,2,8,4,0,0,0,1,0,1,1580,77484,8,44,23,1,0,0,5,2,0,0,6,3,3,1,1,1,0
482,SALU,s_mul_i32,s8,s8,s4,,,11024,2,8,0,0,0,0,1,0,1,1580,77484,8,44,23,1,0,0,5,2,0,0,6,3,3,1,1,1,0
483,VALU,v_add_u32_e32,v6,s8,v0,,,11028,6,4,0,0,0,0,1,0,1,1580,77484,8,44,23,1,0,0,5,2,0,0,6,3,3,1,1,1,0
484,VALU,v_add_u32_e32,v2,v4,v6,,,11032,6,4,8,0,0,0,1,0,1,1580,77484,8,44,23,1,0,0,5,2,0,0,6,3,3,1,1,1,0
485,VALU,v_lshlrev_b64,v[0:1],2,v[2:3],,,11044,6,4,0,0,0,0,1,0,1,1580,77484,8,44,23,1,0,0,5,2,0,0,6,3,3,1,1,1,0
486,VALU,v_mov_b32_e32,v5,s1,,,,11048,6,4,0,0,0,0,1,0,1,1580,77484,8,44,23,1,0,0,5,2,0,0,6,3,3,1,1,1,0
487,VALU,v_add_co_u32_e32,v0,vcc,s0,v0,,11052,6,4,0,0,0,0,1,0,1,1580,77484,8,44,23,1,0,0,5,2,0,0,6,3,3,1,1,1,0
488,VALU,v_addc_co_u32_e32,v1,vcc,v5,v1,vcc,11056,6,4,0,0,0,0,1,0,1,1580,77484,8,44,23,1,0,0,5,2,0,0,6,3,3,1,1,1,0
489,VALU,v_add_u32_e32,v4,s11,v4,,,11060,6,4,8,0,0,0,1,0,1,1580,77484,8,44,23,1,0,0,5,2,0,0,6,3,3,1,1,1,0
490,VALU,v_mov_b32_e32,v5,v3,,,,11072,6,4,0,0,0,0,1,0,1,1580,77484,8,44,23,1,0,0,5,2,0,0,6,3,3,1,1,1,0
491,VALU,v_lshlrev_b64,v[4:5],2,v[4:5],,,11076,6,4,20,0,0,0,1,0,1,1580,77484,8,44,23,1,0,0,5,2,0,0,6,3,3,1,1,1,0
492,VALU,v_add_co_u32_e32,v4,vcc,s0,v4,,11100,6,4,0,0,0,0,1,0,1,1580,77484,8,44,23,1,0,0,5,2,0,0,6,3,3,1,1,1,0
493,SALU,s_mul_i32,s4,s11,s10,,,11100,2,4,0,0,0,0,1,0,1,1580,77484,8,44,23,1,0,0,5,2,0,0,6,3,3,1,1,1,0
494,VALU,v_addc_co_u32_e32,v5,vcc,v7,v5,vcc,11104,6,4,1056,0,0,0,1,0,1,1580,77484,8,44,23,1,0,0,5,2,0,0,6,3,3,1,1,1,0
495,VALU,v_add_u32_e32,v6,s4,v6,,,12164,6,4,8,0,0,0,1,0,1,1580,77484,8,44,23,1,0,0,5,2,0,0,6,3,3,1,1,1,0
496,VALU,v_mov_b32_e32,v7,v3,,,,12176,6,4,0,0,0,0,1,0,1,1580,77484,8,44,23,1,0,0,5,2,0,0,6,3,3,1,1,1,0
497,VALU,v_lshlrev_b64,v[6:7],2,v[6:7],,,12180,6,4,0,0,0,0,1,0,1,1580,77484,8,44,23,1,0,0,5,2,0,0,6,3,3,1,1,1,0
498,VALU,v_mov_b32_e32,v8,s1,,,,12184,6,4,68,0,0,0,1,0,1,1580,77484,8,44,23,1,0,0,5,2,0,0,6,3,3,1,1,1,0
499,FLAT,global_load_dword,v8,v[4:5],off,,,12256,4,4,0,0,0,1,1,0,1,1580,77484,8,44,23,1,0,0,5,2,0,0,6,3,3,1,1,1,0
500,FLAT,global_load_dword,v9,v[6:7],off,,,12260,4,4,0,0,0,2,1,0,1,1580,77484,8,44,23,1,0,0,5,2,0,0,6,3,3,1,1,1,0
501,FLAT,global_load_dword,v10,v[0:1],off,,,12264,4,4,4,0,0,3,1,0,1,1580,77484,8,44,23,1,0,0,5,2,0,0,6,3,3,1,1,1,0
502,IMMED,s_waitcnt,vmcnt(1),,,,,12268,9,0,61864,0,1,0,1,0,1,1580,77484,8,44,23,1,0,0,5,2,0,0,6,3,3,1,1,1,0
503,VALU,v_add_u32_e32,v4,v9,v8,,,74136,6,4,4,0,1,0,1,0,1,1580,77484,8,44,23,1,0,0,5,2,0,0,6,3,3,1,1,1,0
504,IMMED,s_waitcnt,vmcnt(0),,,,,74140,9,0,2440,0,0,0,1,0,1,1580,77484,8,44,23,1,0,0,5,2,0,0,6,3,3,1,1,1,0
505,VALU,v_cmp_lt_i32_e32,vcc,v4,v10,,,76584,6,4,16,0,0,0,1,0,1,1580,77484,8,44,23,1,0,0,5,2,0,0,6,3,3,1,1,1,0
506,SALU,s_and_saveexec_b64,s[0:1],vcc,,,,76608,2,8,0,0,0,0,1,0,1,1580,77484,8,44,23,1,0,0,5,2,0,0,6,3,3,1,1,1,0
507,NEXT,s_cbranch_execz,.LBB0_2,,,,,76612,8,4,8,0,0,0,1,0,1,1580,77484,8,44,23,1,0,0,5,2,0,0,6,3,3,1,1,1,0
508,VALU,v_lshlrev_b64,v[2:3],2,v[2:3],,,76624,6,4,0,0,0,0,1,0,1,1580,77484,8,44,23,1,0,0,5,2,0,0,6,3,3,1,1,1,0
509,VALU,v_mov_b32_e32,v5,s3,,,,76628,6,4,0,0,0,0,1,0,1,1580,77484,8,44,23,1,0,0,5,2,0,0,6,3,3,1,1,1,0
510,VALU,v_add_co_u32_e32,v2,vcc,s2,v2,,76632,6,4,16,0,0,0,1,0,1,1580,77484,8,44,23,1,0,0,5,2,0,0,6,3,3,1,1,1,0
511,VALU,v_addc_co_u32_e32,v3,vcc,v5,v3,vcc,76656,6,4,8,0,0,0,1,0,1,1580,77484,8,44,23,1,0,0,5,2,0,0,6,3,3,1,1,1,0
512,FLAT,global_store_dword,v[0:1],v4,off,,,76652,4,4,0,0,0,0,1,0,1,1580,77484,8,44,23,1,0,0,5,2,0,0,6,3,3,1,1,1,0
513,FLAT,global_store_dword,v[2:3],v0,off,,,76668,4,4,812,0,0,1,1,0,1,1580,77484,8,44,23,1,0,0,5,2,0,0,6,3,3,1,1,1,0
514,SMEM,s_load_dword,s12,s[4:5],0x4,,,1648,1,0,4,1,0,0,4,0,0,1212,73656,6,37,19,0,0,0,3,1,0,0,6,0,3,0,1,0,0
515,SMEM,s_load_dwordx2,s[10:11],s[6:7],0x10,,,1652,1,0,4,2,0,0,4,0,0,1212,73656,6,37,19,0,0,0,3,1,0,0,6,0,3,0,1,0,0
516,SMEM,s_load_dwordx4,s[0:3],s[6:7],0x0,,,1656,1,0,0,3,0,0,4,0,0,1212,73656,6,37,19,0,0,0,3,1,0,0,6,0,3,0,1,0,0
517,VALU,v_mov_b32_e32,v3,0,,,,1660,6,4,4,3,0,0,4,0,0,1212,73656,6,37,19,0,0,0,3,1,0,0,6,0,3,0,1,0,0
518,IMMED,s_waitcnt,lgkmcnt(0),,,,,1664,9,0,9548,0,0,0,4,0,0,1212,73656,6,37,19,0,0,0,3,1,0,0,6,0,3,0,1,0,0
519,SALU,s_lshr_b32,s4,s12,16,,,11208,2,0,4,0,0,0,4,0,0,1212,73656,6,37,19,0,0,0,3,1,0,0,6,0,3,0,1,0,0
520,SALU,s_mul_i32,s9,s9,s4,,,11212,2,0,0,0,0,0,4,0,0,1212,73656,6,37,19,0,0,0,3,1,0,0,6,0,3,0,1,0,0
521,VALU,v_add_u32_e32,v1,s9,v1,,,11216,6,4,12,0,0,0,4,0,0,1212,73656,6,37,19,0,0,0,3,1,0,0,6,0,3,0,1,0,0
522,SALU,s_and_b32,s4,s12,0xffff,,,11228,2,0,4,0,0,0,4,0,0,1212,73656,6,37,19,0,0,0,3,1,0,0,6,0,3,0,1,0,0
523,SALU,s_mul_i32,s8,s8,s4,,,11232,2,0,0,0,0,0,4,0,0,1212,73656,6,37,19,0,0,0,3,1,0,0,6,0,3,0,1,0,0
524,VALU,v_add_u32_e32,v6,s8,v0,,,11236,6,4,0,0,0,0,4,0,0,1212,73656,6,37,19,0,0,0,3,1,0,0,6,0,3,0,1,0,0
525,VALU,v_add_u32_e32,v2,v4,v6,,,11240,6,4,8,0,0,0,4,0,0,1212,73656,6,37,19,0,0,0,3,1,0,0,6,0,3,0,1,0,0
526,VALU,v_lshlrev_b64,v[0:1],2,v[2:3],,,11252,6,4,0,0,0,0,4,0,0,1212,73656,6,37,19,0,0,0,3,1,0,0,6,0,3,0,1,0,0
527,VALU,v_mov_b32_e32,v5,s1,,,,11256,6,4,0,0,0,0,4,0,0,1212,73656,6,37,19,0,0,0,3,1,0,0,6,0,3,0,1,0,0
528,VALU,v_add_co_u32_e32,v0,vcc,s0,v0,,11260,6,4,0,0,0,0,4,0,0,1212,73656,6,37,19,0,0,0,3,1,0,0,6,0,3,0,1,0,0
529,VALU,v_addc_co_u32_e32,v1,vcc,v5,v1,vcc,11264,6,4,0,0,0,0,4,0,0,1212,73656,6,37,19,0,0,0,3,1,0,0,6,0,3,0,1,0,0
530,VALU,v_add_u32_e32,v4,s11,v4,,,11268,6,4,8,0,0,0,4,0,0,1212,73656,6,37,19,0,0,0,3,1,0,0,6,0,3,0,1,0,0
531,VALU,v_mov_b32_e32,v5,v3,,,,11280,6,4,0,0,0,0,4,0,0,1212,73656,6,37,19,0,0,0,3,1,0,0,6,0,3,0,1,0,0
532,VALU,v_lshlrev_b64,v[4:5],2,v[4:5],,,11284,6,4,20,0,0,0,4,0,0,1212,73656,6,37,19,0,0,0,3,1,0,0,6,0,3,0,1,0,0
533,VALU,v_add_co_u32_e32,v4,vcc,s0,v4,,11308,6,4,0,0,0,0,4,0,0,1212,73656,6,37,19,0,0,0,3,1,0,0,6,0,3,0,1,0,0
534,SALU,s_mul_i32,s4,s11,s10,,,11304,2,0,0,0,0,0,4,0,0,1212,73656,6,37,19,0,0,0,3,1,0,0,6,0,3,0,1,0,0
535,VALU,v_addc_co_u32_e32,v5,vcc,v7,v5,vcc,11312,6,4,856,0,0,0,4,0,0,1212,73656,6,37,19,0,0,0,3,1,0,0,6,0,3,0,1,0,0
536,VALU,v_add_u32_e32,v6,s4,v6,,,12172,6,4,8,0,0,0,4,0,0,1212,73656,6,37,19,0,0,0,3,1,0,0,6,0,3,0,1,0,0
537,VALU,v_mov_b32_e32,v7,v3,,,,12184,6,4,0,0,0,0,4,0,0,1212,73656,6,37,19,0,0,0,3,1,0,0,6,0,3,0,1,0,0
538,VALU,v_lshlrev_b64,v[6:7],2,v[6:7],,,12188,6,4,0,0,0,0,4,0,0,1212,73656,6,37,19,0,0,0,3,1,0,0,6,0,3,0,1,0,0
539,VALU,v_mov_b32_e32,v8,s1,,,,12192,6,4,44,0,0,0,4,0,0,1212,73656,6,37,19,0,0,0,3,1,0,0,6,0,3,0,1,0,0
540,FLAT,global_load_dword,v8,v[4:5],off,,,12236,4,0,4,0,0,1,4,0,0,1212,73656,6,37,19,0,0,0,3,1,0,0,6,0,3,0,1,0,0
541,FLAT,global_load_dword,v9,v[6:7],off,,,12240,4,0,4,0,0,2,4,0,0,1212,73656,6,37,19,0,0,0,3,1,0,0,6,0,3,0,1,0,0
542,FLAT,global_load_dword,v10,v[0:1],off,,,12244,4,0,4,0,0,3,4,0,0,1212,73656,6,37,19,0,0,0,3,1,0,0,6,0,3,0,1,0,0
543,IMMED,s_waitcnt,vmcnt(1),,,,,12248,9,0,61348,0,1,0,4,0,0,1212,73656,6,37,19,0,0,0,3,1,0,0,6,0,3,0,1,0,0
544,VALU,v_add_u32_e32,v4,v9,v8,,,73600,6,4,4,0,1,0,4,0,0,1212,73656,6,37,19,0,0,0,3,1,0,0,6,0,3,0,1,0,0
545,IMMED,s_waitcnt,vmcnt(0),,,,,73604,9,0,4,0,0,0,4,0,0,1212,73656,6,37,19,0,0,0,3,1,0,0,6,0,3,0,1,0,0
546,VALU,v_cmp_lt_i32_e32,vcc,v4,v10,,,73608,6,4,16,0,0,0,4,0,0,1212,73656,6,37,19,0,0,0,3,1,0,0,6,0,3,0,1,0,0
547,SALU,s_and_saveexec_b64,s[0:1],vcc,,,,73628,2,4,4,0,0,0,4,0,0,1212,73656,6,37,19,0,0,0,3,1,0,0,6,0,3,0,1,0,0
548,JUMP,s_cbranch_execz,.LBB0_2,,,,,73632,7,0,20,0,0,0,4,0,0,1212,73656,6,37,19,0,0,0,3,1,0,0,6,0,3,0,1,0,0
549,SMEM,s_load_dword,s12,s[4:5],0x4,,,1660,1,0,4,1,0,0,4,0,1,1572,73704,6,37,19,1,0,0,3,1,0,0,6,3,3,1,1,0,0
550,SMEM,s_load_dwordx2,s[10:11],s[6:7],0x10,,,1664,1,0,4,2,0,0,4,0,1,1572,73704,6,37,19,1,0,0,3,1,0,0,6,3,3,1,1,0,0
551,SMEM,s_load_dwordx4,s[0:3],s[6:7],0x0,,,1668,1,0,0,3,0,0,4,0,1,1572,73704,6,37,19,1,0,0,3,1,0,0,6,3,3,1,1,0,0
552,VALU,v_mov_b32_e32,v3,0,,,,1672,6,4,4,3,0,0,4,0,1,1572,73704,6,37,19,1,0,0,3,1,0,0,6,3,3,1,1,0,0
553,IMMED,s_waitcnt,lgkmcnt(0),,,,,1676,9,0,9572,0,0,0,4,0,1,1572,73704,6,37,19,1,0,0,3,1,0,0,6,3,3,1,1,0,0
554,SALU,s_lshr_b32,s4,s12,16,,,11244,2,0,4,0,0,0,4,0,1,1572,73704,6,37,19,1,0,0,3,1,0,0,6,3,3,1,1,0,0
555,SALU,s_mul_i32,s9,s9,s4,,,11248,2,4,36,0,0,0,4,0,1,1572,73704,6,37,19,1,0,0,3,1,0,0,6,3,3,1,1,0,0
556,VALU,v_add_u32_e32,v1,s9,v1,,,11288,6,4,12,0,0,0,4,0,1,1572,73704,6,37,19,1,0,0,3,1,0,0,6,3,3,1,1,0,0
557,SALU,s_and_b32,s4,s12,0xffff,,,11300,2,4,8,0,0,0,4,0,1,1572,73704,6,37,19,1,0,0,3,1,0,0,6,3,3,1,1,0,0
558,SALU,s_mul_i32,s8,s8,s4,,,11308,2,4,4,0,0,0,4,0,1,1572,73704,6,37,19,1,0,0,3,1,0,0,6,3,3,1,1,0,0
559,VALU,v_add_u32_e32,v6,s8,v0,,,11316,6,4,0,0,0,0,4,0,1,1572,73704,6,37,19,1,0,0,3,1,0,0,6,3,3,1,1,0,0
560,VALU,v_add_u32_e32,v2,v4,v6,,,11320,6,4,8,0,0,0,4,0,1,1572,73704,6,37,19,1,0,0,3,1,0,0,6,3,3,1,1,0,0
561,VALU,v_lshlrev_b64,v[0:1],2,v[2:3],,,11332,6,4,0,0,0,0,4,0,1,1572,73704,6,37,19,1,0,0,3,1,0,0,6,3,3,1,1,0,0
562,VALU,v_mov_b32_e32,v5,s1,,,,11336,6,4,0,0,0,0,4,0,1,1572,73704,6,37,19,1,0,0,3,1,0,0,6,3,3,1,1,0,0
563,VALU,v_add_co_u32_e32,v0,vcc,s0,v0,,11340,6,4,0,0,0,0,4,0,1,1572,73704,6,37,19,1,0,0,3,1,0,0,6,3,3,1,1,0,0
564,VALU,v_addc_co_u32_e32,v1,vcc,v5,v1,vcc,11344,6,4,0,0,0,0,4,0,1,1572,73704,6,37,19,1,0,0,3,1,0,0,6,3,3,1,1,0,0
565,VALU,v_add_u32_e32,v4,s11,v4,,,11348,6,4,8,0,0,0,4,0,1,1572,73704,6,37,19,1,0,0,3,1,0,0,6,3,3,1,1,0,0
566,VALU,v_mov_b32_e32,v5,v3,,,,11360,6,4,0,0,0,0,4,0,1,1572,73704,6,37,19,1,0,0,3,1,0,0,6,3,3,1,1,0,0
567,VALU,v_lshlrev_b64,v[4:5],2,v[4:5],,,11364,6,4,20,0,0,0,4,0,1,1572,73704,6,37,19,1,0,0,3,1,0,0,6,3,3,1,1,0,0
568,VALU,v_add_co_u32_e32,v4,vcc,s0,v4,,11388,6,4,0,0,0,0,4,0,1,1572,73704,6,37,19,1,0,0,3,1,0,0,6,3,3,1,1,0,0
569,SALU,s_mul_i32,s4,s11,s10,,,11384,2,0,0,0,0,0,4,0,1,1572,73704,6,37,19,1,0,0,3,1,0,0,6,3,3,1,1,0,0
570,VALU,v_addc_co_u32_e32,v5,vcc,v7,v5,vcc,11392,6,4,800,0,0,0,4,0,1,1572,73704,6,37,19,1,0,0,3,1,0,0,6,3,3,1,1,0,0
571,VALU,v_add_u32_e32,v6,s4,v6,,,12196,6,4,8,0,0,0,4,0,1,1572,73704,6,37,19,1,0,0,3,1,0,0,6,3,3,1,1,0,0
572,VALU,v_mov_b32_e32,v7,v3,,,,12208,6,4,0,0,0,0,4,0,1,1572,73704,6,37,19,1,0,0,3,1,0,0,6,3,3,1,1,0,0
573,VALU,v_lshlrev_b64,v[6:7],2,v[6:7],,,12212,6,4,0,0,0,0,4,0,1,1572,73704,6,37,19,1,0,0,3,1,0,0,6,3,3,1,1,0,0
574,VALU,v_mov_b32_e32,v8,s1,,,,12216,6,4,68,0,0,0,4,0,1,1572,73704,6,37,19,1,0,0,3,1,0,0,6,3,3,1,1,0,0
575,FLAT,global_load_dword,v8,v[4:5],off,,,12284,4,0,4,0,0,1,4,0,1,1572,73704,6,37,19,1,0,0,3,1,0,0,6,3,3,1,1,0,0
576,FLAT,global_load_dword,v9,v[6:7],off,,,12288,4,0,4,0,0,2,4,0,1,1572,73704,6,37,19,1,0,0,3,1,0,0,6,3,3,1,1,0,0
577,FLAT,global_load_dword,v10,v[0:1],off,,,12292,4,0,4,0,0,3,4,0,1,1572,73704,6,37,19,1,0,0,3,1,0,0,6,3,3,1,1,0,0
578,IMMED,s_waitcnt,vmcnt(1),,,,,12296,9,0,61348,0,1,0,4,0,1,1572,73704,6,37,19,1,0,0,3,1,0,0,6,3,3,1,1,0,0
579,VALU,v_add_u32_e32,v4,v9,v8,,,73648,6,4,4,0,1,0,4,0,1,1572,73704,6,37,19,1,0,0,3,1,0,0,6,3,3,1,1,0,0
580,IMMED,s_waitcnt,vmcnt(0),,,,,73652,9,0,4,0,0,0,4,0,1,1572,73704,6,37,19,1,0,0,3,1,0,0,6,3,3,1,1,0,0
581,VALU,v_cmp_lt_i32_e32,vcc,v4,v10,,,73656,6,4,16,0,0,0,4,0,1,1572,73704,6,37,19,1,0,0,3,1,0,0,6,3,3,1,1,0,0
582,SALU,s_and_saveexec_b64,s[0:1],vcc,,,,73676,2,4,4,0,0,0,4,0,1,1572,73704,6,37,19,1,0,0,3,1,0,0,6,3,3,1,1,0,0
583,JUMP,s_cbranch_execz,.LBB0_2,,,,,73680,7,0,20,0,0,0,4,0,1,1572,73704,6,37,19,1,0,0,3,1,0,0,6,3,3,1,1,0,0
